User ID,Email,Wallet Address,Wallet Address Original,ALPHA Balance,Is Eligible (‚â•500k),Has Telegram,Telegram Username,Telegram First Name,Display Name,Created At,Last Login,Error
"693768333c89042c3a16d1ff","","1r1bkecbgwafpx57hhsrzcrznanqqzq2hnyafzn3aty","","ERROR","UNKNOWN","NO","","","","2025-12-09T00:07:15.799Z","","Invalid public key input"
"6960069e9182a07650336253","","21reqvts6ay4t2z6aahdgwwtwhuesnqg1q8hakvoq8ih","21REqvTS6Ay4t2z6aahDGwwtWHUESNqG1q8HaKVoQ8iH","ERROR","UNKNOWN","NO","","","","2026-01-08T19:33:50.436Z","","Invalid public key input"
"693574e917d6b10e14cc466a","","22cwb5zapmt4q4xraafwqe4zcuu6v7i8wx9otnapy3vu","","ERROR","UNKNOWN","NO","","","","2025-12-07T12:36:57.956Z","2025-12-07T12:39:25.491Z","Invalid public key input"
"6931adf7dfc0d8f249ade52a","","243gyfd8dxf5pumajgxrkbek2bdqcbvnp8rmfwzormas","","ERROR","UNKNOWN","NO","","","","2025-12-04T15:51:19.653Z","","Invalid public key input"
"68e3575f17170b810d6b25a6","","288b2v3yqtjshzzdtuwsm2vz9swighc8uhzw73q1yr71","","ERROR","UNKNOWN","NO","","","","2025-10-06T05:45:03.328Z","","Invalid public key input"
"697ad85325a3592604186baf","","2cwwmcahbunw5yvvgvqneubqus3ln69a7hajqc85pu7n","2CwwMCahBUnW5yvvGvQnEuBQUS3Ln69A7HAjQC85PU7N","ERROR","UNKNOWN","NO","","","","2026-01-29T03:47:31.939Z","","Invalid public key input"
"68ed4d761b829109bfd545a3","","2dh8vnn7etm5yngprcpj4cwz3zu3uek2n4fknghmespf","","ERROR","UNKNOWN","NO","","","","2025-10-13T19:05:26.190Z","","Invalid public key input"
"696bf92a8e5189fc0d1dfb17","","2e43pxkphz4pb7gw1fndgys3wwq1w3rchztvca4sthjn","2e43PxKphZ4Pb7gW1FNdGYS3wWQ1W3rcHZtvCa4sThjn","ERROR","UNKNOWN","NO","","","","2026-01-17T21:03:38.982Z","2026-01-26T00:24:29.798Z","Invalid public key input"
"6976b69edd20efc0d2f9e0e4","","2g84ij55sdzdwnaefuxtrwvdatsvamppttpgd4yh9nko","2G84ij55sDZDWNAEFuXTRwVDatSvaMpPttPgD4yH9nKo","ERROR","UNKNOWN","NO","","","","2026-01-26T00:34:38.747Z","2026-01-26T02:42:26.730Z","Invalid public key input"
"6977e3d92db5525ce6cd694f","","2gbutgvrmvyqt7jrs4dwqxyzdfbrs3cx2tntzxiwmqoo","2gbutGvRmVYQt7JRs4dWQxYzdFBrs3cx2tNTZxiWMQoo","ERROR","UNKNOWN","NO","","","","2026-01-26T21:59:53.706Z","2026-01-26T22:23:27.306Z","Invalid public key input"
"6966659bcf874c027a6d2a74","","2gdibqit8scsftxnnda6pp929twjw5mcv41lm2gym46y","2gdibQiT8sCsfTXnNDa6pP929TwJW5mcv41LM2gYM46y","ERROR","UNKNOWN","NO","","","","2026-01-13T15:32:43.830Z","","Invalid public key input"
"695408beec9d0ba3180b5969","","2li1chzl3uulrffjfgc5wlvdtxsefmsrxxfxjcrvbb9f","","ERROR","UNKNOWN","NO","","","","2025-12-30T17:15:42.986Z","","Non-base58 character"
"6926dc54dfc0d8f24940bdfa","","2m2qzajt43dp3mcoa8bnjaqtokde3cu3pgqsaibu3caz","","ERROR","UNKNOWN","NO","","","","2025-11-26T10:54:12.799Z","","Invalid public key input"
"6913c4b31b4843e11feca004","","2maf7fwwwq9purthpasw7noupk9gykrsxqelxydr3n37","","ERROR","UNKNOWN","NO","","","","2025-11-11T23:20:19.576Z","","Non-base58 character"
"6952094cec9d0ba318fe39e1","","2nqqjs6mggnkgdlgsvyc2nfnw9iy7vtcnf2d1wignpvt","","ERROR","UNKNOWN","NO","","","","2025-12-29T04:53:32.685Z","","Non-base58 character"
"6932b747dfc0d8f249b66f16","","2osbyqbn6xhgejj4aghczcgayzjhr8z3dpphpskg9brc","","ERROR","UNKNOWN","NO","","","","2025-12-05T10:43:19.225Z","","Invalid public key input"
"691052b6885eea26874132e6","","2qf2lntzhpzpygc2neupga4mkjmtflbh5bzznw6avdum","","ERROR","UNKNOWN","NO","","","","2025-11-09T08:37:10.901Z","","Non-base58 character"
"69605d679182a07650384263","","2qxrjtuda7wce1lz9mesjlzqyjeun6qfr3n1gomw7s9r","2qxRjtuDa7wCE1LZ9mEsJLzQYJEun6QFr3N1goMW7s9R","ERROR","UNKNOWN","NO","","","","2026-01-09T01:44:07.439Z","","Invalid public key input"
"6976fd1bdd20efc0d2fd6c15","","2tarkfj7zyxnphewoor9g2vgqdv1za5jb4nddfxkgemv","2tArKfJ7zYXNpHEwoor9G2VGQDV1Za5jB4NdDfXKGEMv","ERROR","UNKNOWN","NO","","","","2026-01-26T05:35:23.263Z","2026-01-26T05:50:33.935Z","Invalid public key input"
"691de29fdfc0d8f249e04cfa","","2tm6aenqz6rkf7uhsaawhjjdgp39sgs5wjr5jeowf421","","ERROR","UNKNOWN","NO","","","","2025-11-19T15:30:39.659Z","","Invalid public key input"
"68dfa30bb610e1bfd7c64f7b","","2u53nbz1tccw79ixoexptfdg3qg1m9wigaywdjciq44q","","ERROR","UNKNOWN","NO","","","","2025-10-03T10:18:51.669Z","2025-11-18T05:59:03.661Z","Invalid public key input"
"694996ab6d97507836387f6c","","2vo65m9xwdd2nadjzdk76nod9pzbcaywcp9r6kjrd5wy","","ERROR","UNKNOWN","NO","","","","2025-12-22T19:06:19.187Z","2025-12-25T20:37:28.800Z","Invalid public key input"
"6949862f6d9750783637fb4c","","2wscdd5qa81djxjgrci9xk4yn5aopkmsxn1osjcwpzv2","","ERROR","UNKNOWN","NO","","","","2025-12-22T17:55:59.875Z","","Invalid public key input"
"6946c53c6d97507836238bb7","","33npeonagqszgqxhi5geldegnk4pyycdhyspsvnyungw","33npEoNagQsZgqxhi5GELdeGNK4pyYcDhyspsvNyUngW","ERROR","UNKNOWN","NO","","","","2025-12-20T15:48:12.056Z","2026-02-03T17:13:52.151Z","Invalid public key input"
"694f96e5ec9d0ba318ef3bdd","","34h4byst9a5odthrukf2atleuchcsfyhsupcebfa1v6u","34h4bySt9a5oDTHRUKF2ATLEuchcSFYHsUpCEbFa1V6U","ERROR","UNKNOWN","YES","NooNaaMe","NoName","","2025-12-27T08:20:53.204Z","2026-02-02T00:12:36.885Z","Invalid public key input"
"694a6d2f9557ec7aed7d3048","","3bryd2nphd5gjqkjeyxzdndqmwm4p2h3spkqjrfpjecv","","ERROR","UNKNOWN","NO","","","","2025-12-23T10:21:35.739Z","","Invalid public key input"
"68d9b914638ae540269529a9","","3c9gbrfikcol8uhbas6qxstzdhalpot2n7morf8hkimg","","ERROR","UNKNOWN","NO","","","","2025-09-28T22:39:16.025Z","","Non-base58 character"
"691f0263dfc0d8f249ed4e2d","","3efy3zmbgadssukwzzdhitu1os6e5ihf6rjrkuhub45w","","ERROR","UNKNOWN","NO","","","","2025-11-20T11:58:27.818Z","","Invalid public key input"
"6973e1c2a2f776a0ccac8ca6","","3gvpukyzgb82zeujoydtkgkphdjvfk3xaphhmmuefror","3GVPUKyZgB82zEUjoYDTkGkPHdjVFk3XaPhhMMueFRoR","ERROR","UNKNOWN","NO","","","","2026-01-23T21:01:54.829Z","2026-01-31T19:20:34.019Z","Invalid public key input"
"69667534cf874c027a6df1ea","","3hdtxqbm6heikukcrrnwkt1j4nf6fxgqebrjgxhdqdd9","3hDtxqBM6HEikuKCrRnWKt1J4NF6fXGqeBRjGXHDQDd9","ERROR","UNKNOWN","YES","Ghansham26","GP","","2026-01-13T16:39:16.799Z","2026-01-20T22:27:28.163Z","Invalid public key input"
"6913920d1b4843e11fea09d7","","3jahqykrhd4ntb3tc8x5udpmnqlbygzrugusuap1sbnw","3jAhqYKRhD4ntb3Tc8x5uDpmNqLByGZRUgUsUAp1sbnW","ERROR","UNKNOWN","NO","","","","2025-11-11T19:44:13.787Z","2026-02-02T18:58:50.852Z","Invalid public key input"
"6915b1f0e313c5d0238376a1","","3jjcpsn6gajtjgqqm9uk7uchdzpeb8uowtavuy49ls4y","","ERROR","UNKNOWN","NO","","","","2025-11-13T10:24:48.642Z","","Non-base58 character"
"692888c7dfc0d8f2494f87c0","","3matc1tow7naa8axmy62ahyeekbcg3ufjaq9foyephx5","","ERROR","UNKNOWN","NO","","","","2025-11-27T17:22:15.354Z","","Invalid public key input"
"69780f0a2db5525ce6d1ba3d","","3of7zq3c5sukvlp6gtclyju83eg2iarfzgubjw55ulds","3of7ZQ3c5SukvLp6GtCLyJu83eg2iarfZGuBjw55ULdS","ERROR","UNKNOWN","NO","","","","2026-01-27T01:04:10.307Z","","Invalid public key input"
"69181c6387db997e9d687829","","3ruvz51e4ox76ind6p5ipek6jaekxtabth9nn8wmdeht","","ERROR","UNKNOWN","NO","","","","2025-11-15T06:23:31.577Z","2025-12-17T12:05:58.338Z","Invalid public key input"
"691410a41b4843e11ff109d2","","3wgc9wwrjdcemnnfwzvvxmnwkq7fqvk8d7jmzsdlcahk","","ERROR","UNKNOWN","NO","","","","2025-11-12T04:44:20.952Z","","Non-base58 character"
"6977f8332db5525ce6cecc97","","3wq3spcuw5tzfmgmxshr1tzmuynxt98it8glxudslxfv","3WQ3spcUw5tzFmGMXshR1TzmuYNxT98it8gLXUDsLxFV","ERROR","UNKNOWN","NO","","","","2026-01-26T23:26:43.228Z","","Invalid public key input"
"6913661e1b4843e11fe7bf61","","3xxwcqbqr5nsh5sdqrbm6s2s3gz1zb1puypz78mkjrym","","ERROR","UNKNOWN","NO","","","","2025-11-11T16:36:46.307Z","2025-12-22T14:42:38.335Z","Invalid public key input"
"69179f7587db997e9d66ce2f","","3yogbogvmekcjcgl6irwdlkarwgkjzkl3etg9ejqx8tu","","ERROR","UNKNOWN","NO","","","","2025-11-14T21:30:29.702Z","","Non-base58 character"
"6956c9e129be69df5779709b","","3yx7lcou6ekyjr46st9j5hrae4epth1c9ooqspvz4unu","","ERROR","UNKNOWN","NO","","","","2026-01-01T19:24:17.830Z","","Non-base58 character"
"6916d731af6cafd782cc3f5b","","42fssqnhzbacuhr5xybnvoo9vxv2zttbwdhgvhygabte","42fSsQnHzBACUHR5XyBnvoo9vXV2zTTBwDhgVhyGAbTE","ERROR","UNKNOWN","YES","vbaklava","Vlad","","2025-11-14T07:16:01.083Z","2026-02-01T05:41:29.851Z","Invalid public key input"
"694964946d9750783636fa9c","","46hplpwruklumwszdrmrbnvvju8ht6hkvvfqlznma2eh","","ERROR","UNKNOWN","NO","","","","2025-12-22T15:32:36.277Z","","Non-base58 character"
"6939daf4ac1b07bae378daf1","","48bakt1qplmjasrjod3hrukgqq7db5a3rwpttsz3dvqs","","ERROR","UNKNOWN","NO","","","","2025-12-10T20:41:24.388Z","","Non-base58 character"
"69138f191b4843e11fe9e433","","49mvjyaxiv8ordttkhg5xuwkxsjbewrwl8cdf6v7qiea","","ERROR","UNKNOWN","NO","","","","2025-11-11T19:31:37.538Z","","Non-base58 character"
"69433a09c66bd9e99c9c60dc","","4BBLd5aEoV9qbpKBzeTMFyfLpycmKRbSKQWAe4ZpPBUs","","ERROR","UNKNOWN","NO","","","","2025-12-17T23:17:29.440Z","2026-01-06T05:44:51.179Z","Invalid public key input"
"696e60b16445f536be3dc8cb","","4aajkve9hjpwf1fdcpzv1rbymdgfg7bivumugr56ezau","4aajKve9hJPWf1fDCPZV1rbYmDgfg7BivuMUGR56EZaU","ERROR","UNKNOWN","NO","","","","2026-01-19T16:49:53.507Z","","Invalid public key input"
"6946c0286d97507836236853","","4achz9hppgyfq4air7wew9a1qby4t5gvcyijjhgnmag8","4aChz9hPPgyFq4Air7WEw9a1qbY4t5GVcYiJJhGNMAg8","ERROR","UNKNOWN","NO","","","","2025-12-20T15:26:32.634Z","2026-01-14T23:12:38.844Z","Invalid public key input"
"69314a2edfc0d8f249ab7647","","4ba7r81pjtjyt5j6ahhgjwqygmxnthd2cpdshpyx2e9n","","ERROR","UNKNOWN","NO","","","","2025-12-04T08:45:34.656Z","","Invalid public key input"
"695caab996612f706c3ad96b","","4bbld5aeov9qbpkbzetmfyflpycmkrbskqwae4zppbus","4BBLd5aEoV9qbpKBzeTMFyfLpycmKRbSKQWAe4ZpPBUs","ERROR","UNKNOWN","NO","","","","2026-01-06T06:24:57.737Z","2026-02-06T14:50:42.351Z","Invalid public key input"
"691de956dfc0d8f249e0a809","","4cvdppsdf8wjuitcqehembs8juvnt2e9czwvl1xrfrmj","","ERROR","UNKNOWN","NO","","","","2025-11-19T15:59:18.656Z","","Non-base58 character"
"68ee5c8c0a08ce0c6dce73d6","","4ejzvbbsilag6ekwvgeyewkepdhjpfbymej6dbx98w6a","","ERROR","UNKNOWN","NO","","","","2025-10-14T14:22:04.760Z","","Non-base58 character"
"694389056d97507836093239","","4fhc8yqxxmoi3fgrvnvetbmmr6cw2frrkluhydp18qpu","","ERROR","UNKNOWN","NO","","","","2025-12-18T04:54:29.038Z","","Non-base58 character"
"697a34dd25a35926040edf36","","4fnsmavvwxcon3u8xmhtwmme7h3rr1gx2xyeddrgwg24","4FnsMavVWxCoN3u8xMHtwmME7h3Rr1gX2xyEdDrgWg24","ERROR","UNKNOWN","NO","","","","2026-01-28T16:10:05.694Z","","Invalid public key input"
"69223d8ddfc0d8f24912ae9c","","4gux2zg57la22mqj1pfmac8jbttntxhna3whcfbstzqy","","ERROR","UNKNOWN","NO","","","","2025-11-22T22:47:41.936Z","","Non-base58 character"
"695626e129be69df5775d68a","","4jcvj9hz6gsqambdgoanqqevtd9xehjpu56dwtvyhszq","","ERROR","UNKNOWN","NO","","","","2026-01-01T07:48:49.233Z","","Invalid public key input"
"691c09f8dfc0d8f249cc8e8c","","4jnqrxswkxtdrakkt1rjp6fkdsordkwmpuvvfjz93vru","","ERROR","UNKNOWN","NO","","","","2025-11-18T05:54:00.494Z","","Invalid public key input"
"6977f0b92db5525ce6ce513c","","4kttymhh4diup9fj9ugnvfdyshm4hg6ddlcz8d7tmgz9","4kTTymHH4Diup9fj9ugNvfdYshm4Hg6dDLcz8D7tmgZ9","ERROR","UNKNOWN","NO","","","","2026-01-26T22:54:49.459Z","","Invalid public key input"
"698366bda54a209b24b42e4a","","4mmdriypsvhmhpnpdd3l2vvr55hybbffmjgqtfut15kc","4MmDriYPsVhMhPNpDD3L2VVr55HYBbFfMjgqTfuT15KC","ERROR","UNKNOWN","NO","","","","2026-02-04T15:33:17.810Z","","Invalid public key input"
"690c16aed4f37e442c227ea5","","4nfugzekujaptkyjfcfa7f3jxgactr946j9ff7stra3q","","ERROR","UNKNOWN","NO","","","","2025-11-06T03:31:58.239Z","","Invalid public key input"
"69163ac5e6093913eb30b60e","","4o1pp52lur1zvdkjkbaqrmbygnjazn9wmk7pb3ptczlk","","ERROR","UNKNOWN","NO","","","","2025-11-13T20:08:37.569Z","","Non-base58 character"
"6913c8ed1b4843e11fecce34","","4oi6mtuos64ujmrvh3cfqu8wi6m1cfz5izt93tchgjfz","","ERROR","UNKNOWN","NO","","","","2025-11-11T23:38:21.029Z","","Invalid public key input"
"698658e766d18e0a9c20f6b8","","4qwyazzgzropjhcmtrjzmpghwceekfuwfdazigwnys2m","4qwyaZzgzRoPjhcMtRjzMpGhwCEEKFUwFDAZigWNYs2M","ERROR","UNKNOWN","YES","Piyusshhhhhh","Piyush","","2026-02-06T21:11:03.903Z","2026-02-06T21:22:57.963Z","Invalid public key input"
"697b011225a359260419d6a4","","4rtrwjbeygkgpnqthdyfa5g2ufvtwxt76tlrsrhelkry","4rtrwJBEyGkGPNqThdyFA5G2UfvTwXT76tLrSrHELKrY","ERROR","UNKNOWN","NO","","","","2026-01-29T06:41:22.207Z","","Invalid public key input"
"691398591b4843e11fea6980","","4wel2vrqxfeqv2bxnzas58wrtl4deegn5ubn8gn2htyi","","ERROR","UNKNOWN","NO","","","","2025-11-11T20:11:05.405Z","","Non-base58 character"
"68f93dd123e988b3b5c3d803","","4xrwxkt1jdbgtwe3txfxd7mcuvndvrrhexik8ztvwaaz","","ERROR","UNKNOWN","NO","","","","2025-10-22T20:25:53.010Z","","Invalid public key input"
"691361831b4843e11fe7795f","","4y45ejzjlv5ln6vagq9dp1ggdtyvu1q79ktihfgya3yc","","ERROR","UNKNOWN","NO","","","","2025-11-11T16:17:07.427Z","","Non-base58 character"
"6977ccf32db5525ce6cb90f0","","4ycnwxboaewqcxjn83vahf47wxbkx1uphtgnuqmdaaxu","4YcnwxboAeWQCxjN83VAHf47WxBkx1uPhtgnUQMdAAxu","ERROR","UNKNOWN","NO","","","","2026-01-26T20:22:11.053Z","2026-01-27T22:56:03.467Z","Invalid public key input"
"6977ddd62db5525ce6cce9c7","","4zusbx68jh4rgvcb6hk8twhf1yqtkbynpopkkru95mn5","4zUSBx68jh4rGVcb6hK8TWHF1YqTkbYnpoPKKrU95MN5","ERROR","UNKNOWN","NO","","","","2026-01-26T21:34:14.013Z","","Invalid public key input"
"697cbed3d239d65778bca08f","","4zuvfmfcj2lzmb8itn9qsfh8hpfgln1uk6fneskqqtv3","4ZuvfmFcJ2LzMB8itn9qSFH8HpFgLN1Uk6fNeSkqQTV3","ERROR","UNKNOWN","NO","","","","2026-01-30T14:23:15.046Z","","Invalid public key input"
"6913ddcd1b4843e11fee94ed","","51fvhj6hggw49t8mx5st2rskgqq87puxhyzrqqisv7if","51FVhJ6HGGw49T8mX5St2rSkGQq87PuXHyzRqQiSV7if","ERROR","UNKNOWN","YES","ctop50","C","","2025-11-12T01:07:25.272Z","2026-02-03T19:40:50.189Z","Invalid public key input"
"695b6590126cefa98d7080d0","","54h4knushqmavpxzzxdtt66mg3ez9357nmjizptmj2vm","54H4kNuShqmAVPxZZxDtt66Mg3Ez9357nmJizpTmj2Vm","ERROR","UNKNOWN","NO","","","","2026-01-05T07:17:36.726Z","2026-01-28T05:15:16.766Z","Invalid public key input"
"6915fadce6093913eb2d08bc","","54zcyuhrartzdlqbbuim9lq3vbb8dmlfdo9azfsc7fw4","","ERROR","UNKNOWN","NO","","","","2025-11-13T15:35:56.138Z","2025-11-19T11:56:57.179Z","Non-base58 character"
"691de58ddfc0d8f249e077b7","","5838qwd9wrbz17b3sd9vxzbzsebazxmb83cnjzzisfnx","5838QWd9WRbZ17B3Sd9vxZbzSEbazXmB83CNJZZiSfnX","ERROR","UNKNOWN","NO","","","","2025-11-19T15:43:09.515Z","2026-01-29T01:07:12.576Z","Invalid public key input"
"694d7715fc3a15f16471be0e","","58ikecnnfoiqtn7wv5yyypiphnfmwdthvj7tkq5aatc3","58iKecnNfoiQTN7Wv5YyYPipHnfmWDThvj7tKq5AAtc3","ERROR","UNKNOWN","YES","davidx404","David","","2025-12-25T17:40:37.716Z","2026-02-06T22:20:04.326Z","Invalid public key input"
"6929ac11dfc0d8f24957bde6","","59yhx3fhbzvy48uvshxzbbbfedgmlwkvqov9gsmy7vcl","","ERROR","UNKNOWN","NO","","","","2025-11-28T14:05:05.168Z","","Non-base58 character"
"693f5ccdade1b1d9dbb3b65f","","5atm1ywj5fz24mszc7wfgl8hfy1xv3yfajaaugky5wyj","5ATM1ywJ5fz24MSZC7WfGL8hfy1xV3yfAjAAugky5WYJ","ERROR","UNKNOWN","NO","","Piyush","","2025-12-15T00:56:45.500Z","2026-02-05T13:54:36.468Z","Invalid public key input"
"6913acca1b4843e11feb864f","","5bgssuvzbk7j51hc2kz22q18rtq9jwuxbfk5vkqh2h3v","","ERROR","UNKNOWN","NO","","","","2025-11-11T21:38:18.894Z","","Invalid public key input"
"6914dfc13ab2d8513893e7a1","","5emnj6dwf3jqsg7gnrgrmtk8kjz4ahabcn8ql6yb2baw","","ERROR","UNKNOWN","NO","","","","2025-11-12T19:28:01.711Z","","Non-base58 character"
"69141ed398191c79c48af5b6","","5epkfoezkrnhbg1sxsymwvt5adnbmsg9ajknshjxyfw5","","ERROR","UNKNOWN","NO","","","","2025-11-12T05:44:51.579Z","","Invalid public key input"
"696e627f6445f536be3de0af","","5f9aaupmkjhjpjcqsyk9bmfkpkpknda3tmiasmejv8um","5F9AaupMKJHjpJCQSYk9bMFkpKpknDa3TmiAsmEjV8UM","ERROR","UNKNOWN","NO","","","","2026-01-19T16:57:35.825Z","2026-02-03T20:42:38.165Z","Invalid public key input"
"696deb126445f536be396b88","","5ganuannuscba7tgdghpascdsygchelwyn6pyhe76ppy","5ganuAnnuSCbA7tgdGHPAscdSyGCheLwYN6pYhE76PPy","ERROR","UNKNOWN","NO","","","","2026-01-19T08:28:02.735Z","2026-02-04T20:18:15.192Z","Invalid public key input"
"6942e8b7c66bd9e99c9b2ce0","","5h4wyhnvaqtqukljjb7rfjuvajbwsnnacaju1ocziv1j","","ERROR","UNKNOWN","NO","","","","2025-12-17T17:30:31.702Z","","Non-base58 character"
"694987ea6d97507836380860","","5kf8xi1welryrynikh9qss9236tpq5qreyg99t2zg5dx","","ERROR","UNKNOWN","NO","","","","2025-12-22T18:03:22.376Z","","Non-base58 character"
"691357cf1b4843e11fe6f857","","5kkcsqhgc1a4gbh37uuaigj9uwnt6xiyzfkdfze2edfu","","ERROR","UNKNOWN","NO","","","","2025-11-11T15:35:43.430Z","","Invalid public key input"
"69516b1aec9d0ba318f9891e","","5m3qyb83zna321svyxjgzhi72m3ov9c5h9dbuvlm2grf","","ERROR","UNKNOWN","NO","","","","2025-12-28T17:38:34.372Z","","Non-base58 character"
"69666760cf874c027a6d42db","","5p53ambtv81qfyur1lhykgmq11xeuoszvazbhkwjyepu","5P53amBtv81qfYuR1LHYKgmq11xEuoSzvazBHkwJyePU","ERROR","UNKNOWN","NO","","","","2026-01-13T15:40:16.020Z","","Invalid public key input"
"6914594c61a6371e88b6aa6f","","5pmzxtfscfa1ktydpjcmxr6nxpjaza7kajaonj7mxjpi","","ERROR","UNKNOWN","NO","","","","2025-11-12T09:54:20.014Z","2025-11-30T21:10:19.010Z","Invalid public key input"
"6966f3d7cf874c027a74cc53","","5ppct2znwdtu21euwyfbjaamtm8g9gyjjprvd5g3t1du","5PpCT2zNwdtu21euwyfbJAamTm8G9GyJJpRvd5g3T1Du","ERROR","UNKNOWN","NO","","","","2026-01-14T01:39:35.332Z","","Invalid public key input"
"69497f176d9750783637c4a2","","5v88gwuci11kytywjqjhwupwbnh9bnlaeggwuebfrs3c","","ERROR","UNKNOWN","NO","","","","2025-12-22T17:25:43.326Z","","Non-base58 character"
"69746328d6fbe04d68e261b7","","5vncvzypjqsht2bljdsjqac7qlsvqvpetbth6ijhdvxn","5vncvZypjQShT2bLjDSjQaC7QLsvQvpETBTh6ijHDvXn","ERROR","UNKNOWN","YES","shine1P","Shine1","","2026-01-24T06:14:00.313Z","2026-01-24T06:22:24.628Z","Invalid public key input"
"698021a040d8a249a1084e2c","","5vwuhcoqgymcwhm5xc3uxqagkgg2k8mmlwgx8scgzrqc","5vWUhcoQgymCwHm5Xc3UxqaGkGg2k8MmLWgX8ScGZrQC","ERROR","UNKNOWN","NO","","","","2026-02-02T04:01:36.971Z","","Invalid public key input"
"6913a5c31b4843e11feb2b2a","","5xfhejtd4wbzrd6f9qrvurukfzvuf7juaatntxwsbact","","ERROR","UNKNOWN","NO","","","","2025-11-11T21:08:19.189Z","","Invalid public key input"
"69137d0d1b4843e11fe8ef68","","5xxqzxm5tgkgcqsg5duatxn6wz94kwbbvu1jrfxbg1fp","","ERROR","UNKNOWN","NO","","","","2025-11-11T18:14:37.894Z","","Invalid public key input"
"68e2987917170b810d690808","","5zrrq6ur9lwtfvea2b4j8qzxzkqhxsws1b5npakmqkk2","","ERROR","UNKNOWN","NO","","","","2025-10-05T16:10:33.784Z","","Non-base58 character"
"692ffb49dfc0d8f2499e7cc5","","69wppkpkvmgabe4mmepav8g7f52bukzeyklf7tfhffgs","69wPPKpkvmgAbE4mMEPAV8g7F52BukzeYkLF7TFHfFgs","ERROR","UNKNOWN","NO","","","","2025-12-03T08:56:41.392Z","2026-01-18T09:17:39.898Z","Invalid public key input"
"6955910429be69df5771d82a","","6bzxo2r5lv3juim1re1dreyuyvav6kp19hwjf5n2ngbr","","ERROR","UNKNOWN","NO","","","","2025-12-31T21:09:24.861Z","2025-12-31T21:11:13.339Z","Non-base58 character"
"694103c4c66bd9e99c8c2943","","6cbr1ksy9xvwkbrwsyx2ap7n3qkbjyydpsejv4npxdnb","6cBR1KSY9xVwkBRWSYx2aP7n3qkBjYYDpSeJv4NpxdNB","ERROR","UNKNOWN","NO","","","","2025-12-16T07:01:24.803Z","2026-01-22T12:59:07.863Z","Invalid public key input"
"696cf5380bce0f75b40306c7","","6ehuhxrylqyy3aukauvg7chfwhpdyfp4fzymnszextkr","6ehUhXryLQyy3AuKAUVg7CHfwhPDyFp4fzYMnszextKr","ERROR","UNKNOWN","NO","","","","2026-01-18T14:59:04.166Z","","Invalid public key input"
"6918c924b3d0470a029b8c11","","6faabp2rnsb8wnjfrechuo2ng1jstfy3pbrahxyta3yp","","ERROR","UNKNOWN","NO","","","","2025-11-15T18:40:36.020Z","","Invalid public key input"
"69780eaf2db5525ce6d1b5b0","","6fyjfh1hlvyrnke9oxfx6hv5yjx1hz3p7c3edezdwqmr","6fyJfh1HLVYRnkE9oxFx6hV5YJx1hZ3P7C3EdeZdwqmR","ERROR","UNKNOWN","NO","","","","2026-01-27T01:02:39.352Z","2026-01-27T13:30:19.816Z","Invalid public key input"
"691edc80dfc0d8f249ebfe51","","6gc7rj7wmem3jczzmigptcdzlwi81amm8zjycenmaqai","6Gc7RJ7wmEm3jcZZmiGPTcDZLWi81AmM8zJYCenmaqai","ERROR","UNKNOWN","NO","","","","2025-11-20T09:16:48.826Z","2026-01-26T09:03:22.495Z","Invalid public key input"
"691399001b4843e11fea73aa","","6gjyjyrfeefg5dhdzvtxymn5h9zd5kqmzayo1axte9yi","","ERROR","UNKNOWN","NO","","","","2025-11-11T20:13:52.359Z","2025-12-05T15:53:56.531Z","Invalid public key input"
"69744bcbd6fbe04d68e19f7f","","6gwcnczmu1flzdguy7kzngz255hdkguk9o2b8pl793e8","6gwCNcZMu1fLzdguy7kZNgZ255hDkGUK9o2b8pL793E8","ERROR","UNKNOWN","NO","","","","2026-01-24T04:34:19.721Z","2026-02-04T23:57:27.693Z","Invalid public key input"
"694a83f59557ec7aed7d3836","","6hwy3aqgjkzen1wr9kvrpsgenk1h6wpibhse5tcbvsb1","","ERROR","UNKNOWN","NO","","","","2025-12-23T11:58:45.876Z","","Invalid public key input"
"6942575cc66bd9e99c972069","","6kntjtecvvbabft3hjsj25efxgdtqhu1cthtfyzhjkpu","","ERROR","UNKNOWN","NO","","","","2025-12-17T07:10:20.630Z","2025-12-27T08:11:27.090Z","Invalid public key input"
"694986946d9750783637fdfc","","6moahnvvlrnbm1jdp8uxg9479gbcgu1cuau4ybnz6oa","","ERROR","UNKNOWN","NO","","","","2025-12-22T17:57:40.406Z","","Non-base58 character"
"6913da951b4843e11fee6b9e","","6mppii5ydlhq3padxmtj9jfl1vtnqnf5abb2fmoyodpx","","ERROR","UNKNOWN","NO","","","","2025-11-12T00:53:41.176Z","","Non-base58 character"
"691381951b4843e11fe92b35","","6sxqvlvrtbwbpuuaufwk1t9ltnrtqcdxwr5ztsmftgp1","","ERROR","UNKNOWN","NO","","","","2025-11-11T18:33:57.372Z","","Non-base58 character"
"6915c208e313c5d0238410ef","","6trwlcd4s9xbxbxqadpon3bvca8mdda3iabmd8tnve8u","","ERROR","UNKNOWN","NO","","","","2025-11-13T11:33:28.181Z","","Non-base58 character"
"69275001dfc0d8f2494521b5","","6tutppuntg7harbprhp4qepnlnyguvlvhja76pz9jyhy","6TUTPPUnTG7harBprHP4QepNLNyGUVLVHJA76Pz9JyHy","ERROR","UNKNOWN","NO","","","","2025-11-26T19:07:45.932Z","2026-01-24T19:58:34.185Z","Invalid public key input"
"697834eb2db5525ce6d3af24","","6unnjmjgnw4jqutrg9uq4czquvndllxd9kjhdiy16qoz","6UNnjmJgNw4jqUtRG9uq4cZQuVnDLLXd9KjHDiY16qoZ","ERROR","UNKNOWN","NO","","","","2026-01-27T03:45:47.887Z","","Invalid public key input"
"694f69faec9d0ba318ee55d9","","6upqcwy3qzvusmyehxndsypxqajdzgcbshnngfptvhon","","ERROR","UNKNOWN","NO","","","","2025-12-27T05:09:14.970Z","","Invalid public key input"
"691358b81b4843e11fe70392","","6w6kwpxtan3fiiusvr4sarplqtksqhhczn5jqkchdkuy","","ERROR","UNKNOWN","NO","","","","2025-11-11T15:39:36.399Z","","Non-base58 character"
"692e8805dfc0d8f2498e11e2","","6ywj3ydnmit8s6vqtbce4i52h8prstbw2mzqtxjg1hfv","","ERROR","UNKNOWN","NO","","","","2025-12-02T06:32:37.722Z","","Invalid public key input"
"697823dc2db5525ce6d2d536","","6zmquq4doobkeoemwhdpjd6v2p5rdtqoforowxwc5i9f","6ZmqUq4doobKeoemwHdpjD6V2p5rdtQofoRowXwC5i9F","ERROR","UNKNOWN","NO","","","","2026-01-27T02:33:00.186Z","","Invalid public key input"
"6918c2c687db997e9d68b15a","","74q2cwpmgb1mvby6hszmmxccqavsb2nqqzaxqenu5xrh","","ERROR","UNKNOWN","NO","","","","2025-11-15T18:13:26.356Z","","Invalid public key input"
"69137d8d1b4843e11fe8f770","","74rg1wrjbxemmgk76uldmzc7jmmnqea3lusoemoxjhgs","","ERROR","UNKNOWN","NO","","","","2025-11-11T18:16:45.192Z","","Non-base58 character"
"6949df7a9557ec7aed7d03d9","","75jvoj7ftzshghvcremmyw7nfpntcnbg4gpws9fqpu7b","","ERROR","UNKNOWN","NO","","","","2025-12-23T00:16:58.816Z","","Invalid public key input"
"6977bd5d2db5525ce6ca5f23","","77dt89wwxuj3vi7bachtzo5s1zcmugjnlm8bwyxqdijl","77dT89wwxuJ3Vi7bAchtzo5s1zcMuGjNLm8bWyXQdiJL","ERROR","UNKNOWN","NO","","","","2026-01-26T19:15:41.693Z","","Invalid public key input"
"697805722db5525ce6d13dcf","","7a6tkbw3cwci27483d6swvdpxceryxhk6jydgwp7cjuz","7a6TKbw3CWci27483d6SwVdPxCeryxHk6Jydgwp7CJuZ","ERROR","UNKNOWN","NO","","","","2026-01-27T00:23:14.293Z","","Invalid public key input"
"69258c5bdfc0d8f24934174c","","7an2puhfrtevq68a8am53rgglbql6ck3vsdaymdkrunc","","ERROR","UNKNOWN","NO","","","","2025-11-25T11:00:43.551Z","","Non-base58 character"
"68f35abe23e988b3b5a3c9c3","","7bfuw1s6azn4bwq17kexhxtff7ehvunfrtjxgjn59rcb","","ERROR","UNKNOWN","NO","","","","2025-10-18T09:15:42.884Z","","Invalid public key input"
"6913571c1b4843e11fe6ee39","","7cdnptst83juag7sgsf6ddsmtfpdfahl2dxqavgdxtri","","ERROR","UNKNOWN","NO","","","","2025-11-11T15:32:44.748Z","","Non-base58 character"
"6914a97c61a6371e88bac4ad","","7cx43uhmjgobjxyakyvit5r9ggywmvbqy3yzpspknpdy","","ERROR","UNKNOWN","NO","","","","2025-11-12T15:36:28.898Z","","Invalid public key input"
"697738fadd20efc0d2000baf","","7fs1gusvoubsestpjgtpgakedxdnufbe6b43ynuf4bji","7FS1gUSVoUbsEsTPJgTpgakeDxdnUfBE6b43ynUf4Bji","ERROR","UNKNOWN","NO","","","","2026-01-26T09:50:50.503Z","2026-01-29T13:10:57.852Z","Invalid public key input"
"69135fc61b4843e11fe75c06","","7hf6udg1h2oy3kletwsjupdqe7vvhq6fq3chuzgtsr48","","ERROR","UNKNOWN","NO","","","","2025-11-11T16:09:42.397Z","","Non-base58 character"
"68ca73ec3dc4f00cda91613d","","7j5n9eepwe9j2ezh9tevcpoprbqryr98ktsbpzpr7hwf","","ERROR","UNKNOWN","NO","","","","2025-09-17T08:40:12.155Z","2025-09-24T05:51:46.446Z","Invalid public key input"
"695d3cd13e8b4ad360d8569f","","7kukg4magvakxoyrkzaokqzbjs2oxd8f3bb5qff1pdqc","7kuKG4MaGvAKXoYRKzaoKqzbJS2oXD8F3bB5QFf1pDqc","ERROR","UNKNOWN","NO","","","","2026-01-06T16:48:17.073Z","2026-01-06T16:48:37.010Z","Invalid public key input"
"69528b9aec9d0ba3180133cf","","7mycgleratzsbjk4sbvtgavcwwz1utpxksde8rnkwkec","","ERROR","UNKNOWN","NO","","","","2025-12-29T14:09:30.461Z","","Non-base58 character"
"69787b0e2db5525ce6d6e35a","","7rqhqhgvhncnkdynwg5o9azvmnyfmrwfd1vfbuvv7ctq","7RQHQhGvhNCnKDyNwG5o9AzvmNyfMrWfD1VfBUVv7cTq","ERROR","UNKNOWN","NO","","","","2026-01-27T08:45:02.312Z","2026-01-27T16:22:51.027Z","Invalid public key input"
"6913e4871b4843e11fef069e","","7smcuhhx64gnd1f4h6rk6pe9rkqjh4strchtpmmdsjx1","","ERROR","UNKNOWN","NO","","","","2025-11-12T01:36:07.206Z","","Invalid public key input"
"695b635f126cefa98d706d64","","7uaqcr95e1jvjcnmddsytkm8qxcmscwme49i1k9rz6v1","","ERROR","UNKNOWN","NO","","","","2026-01-05T07:08:15.933Z","","Invalid public key input"
"69136c731b4843e11fe80f67","","7uyid8ocxd35nzkcnreswnhjgvnxjlxjd7tssxuivzku","","ERROR","UNKNOWN","NO","","","","2025-11-11T17:03:47.198Z","","Non-base58 character"
"69136eda1b4843e11fe82d32","","7v85zy26g7cmdqzymup3rduww6nfjao8uavmm3e3ats9","","ERROR","UNKNOWN","NO","","","","2025-11-11T17:14:02.385Z","","Invalid public key input"
"69252efcdfc0d8f24931489d","","7vc8y4jwvthvlsrtpvawdgv3kxo9qnujgp7cmgdjhzdv","","ERROR","UNKNOWN","NO","","","","2025-11-25T04:22:20.417Z","","Non-base58 character"
"6913d1e41b4843e11fedffab","","7veywyd31u54pwqsti9gwnsmz5hnzkvdqdgx2lthsdzx","","ERROR","UNKNOWN","NO","","","","2025-11-12T00:16:36.618Z","","Non-base58 character"
"6913718e1b4843e11fe84ce1","","7witg626cpbsaqanwdvntalvaixfkstefm9nnpvbnyir","","ERROR","UNKNOWN","NO","","","","2025-11-11T17:25:34.319Z","","Non-base58 character"
"6924a2d5dfc0d8f2492ba8b1","","7wtfrsnuqn7b3zmaqm7vwzurkxss77pk59qapihq7z5x","","ERROR","UNKNOWN","NO","","","","2025-11-24T18:24:21.128Z","","Invalid public key input"
"6977480bdd20efc0d200b9a5","","7zarcbchjvuj6pnfjbdc5khu5rnn5ropucocuuynorm9","7ZaRCbcHjVuJ6pnfjBdC5khU5RNn5RoPuCocUuYnoRm9","ERROR","UNKNOWN","NO","","","","2026-01-26T10:55:07.331Z","","Invalid public key input"
"69150c613ab2d85138960d3d","","7zqpe9itb3lucvsrbfhansnpsf4ecwaxwfhwdg7ns4mx","","ERROR","UNKNOWN","NO","","","","2025-11-12T22:38:25.362Z","","Non-base58 character"
"6915e4c6e6093913eb2bba9c","","7zqsuwz4ijgar2adtiifll3fgcsnsxeovhqxek2fijxa","","ERROR","UNKNOWN","NO","","","","2025-11-13T14:01:42.103Z","","Non-base58 character"
"696a0a1bcf874c027a998f48","","81jjuth6tawan8qiqddbdast3c5rkur7eaxhqh6zwebf","81jjuth6TaWan8qiqDDbdaSt3c5rKUr7eaXhQh6zweBf","ERROR","UNKNOWN","NO","","","","2026-01-16T09:51:23.288Z","2026-02-03T20:12:56.072Z","Invalid public key input"
"691385c41b4843e11fe961c3","","82aynrh2wfso4pvad59jk1rzjsxrvn683qke6qxaklx5","","ERROR","UNKNOWN","NO","","","","2025-11-11T18:51:48.165Z","","Non-base58 character"
"6977f3522db5525ce6ce7e24","","86xmpq3jdwnd3gqn9y1hn5qwklpdtlgdbwrg36wisaln","86xMpq3jDwnD3gQn9y1hN5qWKLPDtLgdBwRg36wiSaLN","ERROR","UNKNOWN","NO","","","","2026-01-26T23:05:54.908Z","2026-01-26T23:17:11.467Z","Invalid public key input"
"697148b189c65bb4d4ba3b68","","88wkxuajdcdvdrbwumin5tb5w8erxfqraubbmmanbe2g","88wKXUAjDcdVDRBwumiN5tb5W8ERXFqrAuBbmMANBE2G","ERROR","UNKNOWN","NO","","","","2026-01-21T21:44:17.792Z","2026-01-24T19:26:26.531Z","Invalid public key input"
"6957226129be69df577be9dd","","8aivfjumeucauesppr9z3xxp4zizvpn2p9sonsmfs484","","ERROR","UNKNOWN","NO","","","","2026-01-02T01:41:53.336Z","","Invalid public key input"
"696ec371a0dbc46ac47dd97b","","8aqai3bpcefzfv1gvtyzhcgs7hhvg9yvuyfsczoxetju","8AqAi3bpCEFzfv1gvtyZHcgS7hhVG9yVuYFsCZoxETju","ERROR","UNKNOWN","NO","","","","2026-01-19T23:51:13.255Z","","Invalid public key input"
"696cb772ca5bf695d16312bc","","8b2mzrgwxjypw51twzi3a9fab8wonazafdckippepq2p","8b2MzrGwxJYpw51twzi3A9fAB8WoNaZafdCkippEpQ2P","ERROR","UNKNOWN","NO","","","","2026-01-18T10:35:30.327Z","","Invalid public key input"
"69021f302048bbe68c851757","","8bhch6ajv9zfnlcgx5murtd6jahxidulzwczhgzbc3r2","","ERROR","UNKNOWN","NO","","","","2025-10-29T14:05:36.154Z","","Non-base58 character"
"696cb216b03bb736ea85b808","","8cm3uk24hytwzke2hvxwhzjzawkhyyz5sgrzyyxrpcyv","8cM3Uk24HYTWZKe2HvxwHZjzawkHyyz5SGRZyyXrPCyV","ERROR","UNKNOWN","NO","","","","2026-01-18T10:12:38.228Z","","Invalid public key input"
"696147f806e46c6fa4730e33","","8f8yg5cvska7mebmbuedeuzb9yojgyrtift7juj95bre","8f8yG5CVska7MEBmbUeDeUzb9YojGYrTiFt7juJ95BRE","ERROR","UNKNOWN","NO","","","","2026-01-09T18:24:56.649Z","2026-01-10T08:15:07.257Z","Invalid public key input"
"69497e0f6d9750783637b961","","8fef92qsrujxxckcx3bvh3xuldfsqgwtx3njcricvbwd","","ERROR","UNKNOWN","NO","","","","2025-12-22T17:21:19.885Z","","Non-base58 character"
"691fde07dfc0d8f249f8ae36","","8gkhfofov9fzvbqdrrxrhvwftwtdzk2ck9ba9r9k1g2k","","ERROR","UNKNOWN","NO","","","","2025-11-21T03:35:35.492Z","","Invalid public key input"
"69139cbc1b4843e11feaaa68","","8hoa7e4vmatkxhri9rb4vtqcajqryf3ef5sntsfxgspz","","ERROR","UNKNOWN","NO","","","","2025-11-11T20:29:48.996Z","","Invalid public key input"
"691451e261a6371e88b65c28","","8kdpuxmfmqaya1s3nx6kb2lbetkv8gjgmoezgqn5yx1m","","ERROR","UNKNOWN","NO","","","","2025-11-12T09:22:42.002Z","","Non-base58 character"
"691363ec1b4843e11fe79e0b","","8mcgv2uvtcwrxx7wjebbxsukwqgecw5d9etnwtcvuc9","8MCgV2uVTCwRxX7wjeBbXSUKwqGeCW5d9etnwtcVUC9","ERROR","UNKNOWN","YES","Mark_V24","Mark","","2025-11-11T16:27:24.943Z","2026-01-22T04:00:55.160Z","Invalid public key input"
"692fb17ddfc0d8f2499bcc79","","8nhmfq5pj6cuykfj9r7afpvr1ywrjnavmek83v4yn8v7","","ERROR","UNKNOWN","NO","","","","2025-12-03T03:41:49.196Z","","Invalid public key input"
"6976515cdd20efc0d2f2e8e2","","8o19pfelumblnuhaa86dqgdtfyj3sbcvczo3wadrbzz9","8o19PfeLumBLnUHAa86dQGdtfyj3sBCVCZo3wADrbzZ9","ERROR","UNKNOWN","NO","","","","2026-01-25T17:22:36.379Z","","Invalid public key input"
"69462a426d975078361fd388","","8qmkbs96nntufsd26upibturzlup3qz4ezv1wymmzpcr","","ERROR","UNKNOWN","NO","","","","2025-12-20T04:46:58.099Z","","Non-base58 character"
"6937f49cac1b07bae3785180","","8roprk8mjen3njvawxrfmrzgwhpojgmyskmiyqrcz65r","8roPRK8mjen3nJvAWXRfMrzGwhpoJgmYSkMiyQRcZ65R","ERROR","UNKNOWN","NO","","","","2025-12-09T10:06:20.986Z","2026-01-24T18:06:56.710Z","Invalid public key input"
"69135f8d1b4843e11fe758f6","","8rql7bt4fpm9y6hq1cxbqskrozqwsbcbdclwqznvxx69","8RQL7Bt4fpm9y6hQ1cXbqSKroZqwsBCbdcLWQzNvXX69","ERROR","UNKNOWN","NO","","","","2025-11-11T16:08:45.717Z","2026-01-25T16:50:46.195Z","Invalid public key input"
"6974d74fd6fbe04d68e5f0ce","","8sfmzq9wsxwa1rerdke5bzboffhrvs8r4dnbryj9gm1d","8sfMzQ9wsxWA1Rerdke5BZBoFfhRvS8R4dNBRYj9GM1d","ERROR","UNKNOWN","NO","","","","2026-01-24T14:29:35.303Z","","Invalid public key input"
"6949b05c9557ec7aed7ba365","","8szds49ujficyndbvrq1h28gdap1d4lbxqcsnoztskzm","8SzDs49uJFiCYNDBVRQ1h28gdaP1d4LbXQcsnoztskzm","ERROR","UNKNOWN","NO","","","","2025-12-22T20:55:56.438Z","2026-01-25T21:31:17.590Z","Invalid public key input"
"6978cc892db5525ce6dba347","","8t1edzvjemmqgubwswsitnkqg66sgdsxq8gexocodedq","8T1eDzVJEMMQguBwswsitnKQg66SgDSXq8geXocoDEdQ","ERROR","UNKNOWN","NO","","","","2026-01-27T14:32:41.480Z","","Invalid public key input"
"694fb232ec9d0ba318efc8fc","","8wt92cx68wcz3j5j4pbxqfilgwpwvfifqupyoy6wadjt","8WT92cX68wcZ3J5J4pbXQFiLGWPwVfiFqupyoy6wADjt","ERROR","UNKNOWN","NO","","","","2025-12-27T10:17:22.379Z","2026-02-06T22:05:31.604Z","Invalid public key input"
"6913f8211b4843e11ff00d33","","8wtlrbjgg4af8one1fug8poxgz68mvx3nkgnjdemiedg","","ERROR","UNKNOWN","NO","","","","2025-11-12T02:59:45.306Z","","Non-base58 character"
"6918a40487db997e9d68a7c5","","911xgcv7iae8cmiytxrlkhyrzmhailxwbcv3rfntfpue","","ERROR","UNKNOWN","NO","","","","2025-11-15T16:02:12.490Z","","Non-base58 character"
"69143e8761a6371e88b57013","","91qfw2exn83s1qefpssihr2wvejjdwnggzpagkqte4zx","","ERROR","UNKNOWN","NO","","","","2025-11-12T08:00:07.547Z","","Invalid public key input"
"697764f8dd20efc0d202173b","","9478u3agbxsk6ckgtkowvdnxvc3hpgcpfftf8htwzvnk","9478u3AGBXSk6CKGTkowvdNXVC3HpgcPfftF8HtWzVNK","ERROR","UNKNOWN","NO","","","","2026-01-26T12:58:32.242Z","","Invalid public key input"
"6915f49de6093913eb2caf50","","951tky8fwskxvjdejvkmzvw8gez8kfquc5zrjygu7wtv","","ERROR","UNKNOWN","NO","","","","2025-11-13T15:09:17.879Z","","Invalid public key input"
"69782b4e2db5525ce6d331e3","","96etjywccdzbjpjyejnhfpa75sqk6lznndgqwnngstyr","96etjyWcCdzbJPJyeJNHfPa75sQk6LzNnDgQWnNgstyr","ERROR","UNKNOWN","NO","","","","2026-01-27T03:04:46.005Z","","Invalid public key input"
"697009ce954b2634be6a8f66","","98n5pkymejv8aacysbcsqwtbbhbk4qfkyzkvjtjandnm","98N5pKYmejV8AaCYsbcsQwTBbHbK4qFkYzkvJtJANdnm","ERROR","UNKNOWN","YES","Ezequielpome","Ezequiel üêà‚Äç‚¨õ$X üíé üçÖ","","2026-01-20T23:03:42.231Z","2026-01-21T15:37:16.389Z","Invalid public key input"
"697724dddd20efc0d2ff1a08","","9ayety6wt9xy3hgnotkejhmpgvininudj7weumbtqztt","9aYeTy6wt9xy3hGNotkejHmPgviniNUDj7weuMbTqzTT","ERROR","UNKNOWN","NO","","","","2026-01-26T08:25:01.812Z","","Invalid public key input"
"6978bc672db5525ce6da910a","","9dc9gbx5vt2aez4ffjomg9uqwcs4xtjxssbgsvftey5a","9dC9Gbx5VT2aEz4Ffjomg9uQwCS4xTJXSsBGsVftEY5a","ERROR","UNKNOWN","NO","","","","2026-01-27T13:23:51.270Z","","Invalid public key input"
"69667922cf874c027a6e297c","","9dwkgkmjbvkuoe9esizsu1657h78x2698c7tsc2gdzt3","9dWKGkmJBVKUoe9ESiZsu1657h78X2698c7tSC2gdZT3","ERROR","UNKNOWN","NO","","","","2026-01-13T16:56:02.351Z","","Invalid public key input"
"691420b798191c79c48b0b82","","9e35hl14ejk7d3fybpn4a986assikr6sjvx9bnyqfwr","","ERROR","UNKNOWN","NO","","","","2025-11-12T05:52:55.384Z","","Non-base58 character"
"696bb2f5b55a98ab89594b9f","","9e3fwpknldhsowppj6l6rrxgomiaztn5gnk39swnhhwb","9e3fWPKnLDHSowpPj6L6RrxgomiAZTn5gnk39swNHhWb","ERROR","UNKNOWN","YES","BasirOsman","Bashir","","2026-01-17T16:04:05.927Z","2026-02-02T13:18:21.813Z","Invalid public key input"
"6923b826dfc0d8f24921cc52","","9efkpevww3mkqzemm49jdkq33jhkm7fasglwqykuruow","","ERROR","UNKNOWN","NO","","","","2025-11-24T01:43:02.031Z","","Non-base58 character"
"69143017cf8ed0d8340aa2c8","","9efmxsdhz2xxup56bgogd8rvuqggg3zq156toy9p8kzw","","ERROR","UNKNOWN","NO","","","","2025-11-12T06:58:31.514Z","2025-11-22T13:23:29.550Z","Invalid public key input"
"6919f0e05e8b88c83e7615fb","","9fpdxqq3rlx4jcgwb3oefe27islbsxtj1phis9svrflm","","ERROR","UNKNOWN","NO","","","","2025-11-16T15:42:24.772Z","","Non-base58 character"
"696d55fd6445f536be3285b5","","9guulheex8ffzakkbldpgxs7tyvh5nxt3cuv3h35idwx","9GuuLHEeX8ffZAkkbLDPgXs7TyVH5NxT3CuV3h35idwX","ERROR","UNKNOWN","YES","mpside","üëë","","2026-01-18T21:51:57.347Z","2026-01-29T21:56:34.094Z","Invalid public key input"
"697ea099ed439ca52af5e26a","","9hhasopbqd3ghipq9gwdfukkn3gk72qywyvighfcdn1c","9HhASopBQd3GHipq9gWDFuKkN3gK72qYwyviGhFCdn1C","ERROR","UNKNOWN","NO","","","","2026-02-01T00:38:49.022Z","","Invalid public key input"
"69721fa389c65bb4d4c484bd","","9jabi1dglekmwznyye3hg7qs2tku8qxzs1aqsyzfz8c7","9JAbi1DGLekMwZnYyE3HG7qs2TkU8QxZs1aqSYZfZ8c7","ERROR","UNKNOWN","YES","GeeProPlayer","G","","2026-01-22T13:01:23.973Z","2026-02-03T20:36:39.507Z","Invalid public key input"
"691946cc5e8b88c83e75e6d7","","9kgfpc3miy4bl56wdachyqyan69qzg6wk2tbyytycmbm","","ERROR","UNKNOWN","NO","","","","2025-11-16T03:36:44.075Z","","Non-base58 character"
"68dfd48d17170b810d61bd69","","9kojyjptxndfmjsoxazeicbplmqxkx1ji7my6q3fgtw7","","ERROR","UNKNOWN","NO","","","","2025-10-03T13:50:05.642Z","","Non-base58 character"
"6977d3852db5525ce6cc0f9e","","9mapjfdglknbw2uzyhparnehhimajzfnhqx7rmqvwmah","9maPjFdGLKNBw2UzyhpaRnehHiMAJzfNHQx7RMqvWMAH","ERROR","UNKNOWN","NO","","","","2026-01-26T20:50:13.942Z","","Invalid public key input"
"6914665661a6371e88b74174","","9n9smgczz364ygcjmt1aqlc8hji1zltcsfyzyus16eqf","","ERROR","UNKNOWN","NO","","","","2025-11-12T10:49:58.973Z","","Non-base58 character"
"696b184d0a40cde9c406ab4a","","9nntziqmlphv6n1mbycqjs8ugzm3r6bhpqvjvzbb3yn1","9NntZiQmLPHV6n1MByCQjs8ugZm3R6BHpQvjVzBB3YN1","ERROR","UNKNOWN","NO","","","","2026-01-17T05:04:13.969Z","","Invalid public key input"
"6949b2e49557ec7aed7ba553","","9nzjertclbf9wpdmlrxbkqfrchh6dkbeyzmyk4ppvue1","","ERROR","UNKNOWN","NO","","","","2025-12-22T21:06:44.462Z","","Non-base58 character"
"6937fe0fac1b07bae3785361","","9pj7wg7etymljqnyta7tshzbuymrjvqipg3qen4uapms","9PJ7WG7ETymLJqnyTA7TShzbUymRJVQipg3Qen4uAPmS","ERROR","UNKNOWN","YES","Phillip_Dweck","Phillip","","2025-12-09T10:46:39.745Z","2026-02-06T21:11:19.140Z","Invalid public key input"
"6976948ddd20efc0d2f67800","","9ppcawiv8eblgvzjrav5mwjt6jr2ddzwqdypvwrydszq","9pPCaWiV8ebLGvzjRav5MWJT6JR2dDzwQdyPvwrydszQ","ERROR","UNKNOWN","NO","","","","2026-01-25T22:09:17.609Z","","Invalid public key input"
"696ddd306445f536be38e305","","9qpvafwztrmpppqvaod9pehlvt7j6e4mxyvni1vuhwkh","9QPvAfWZtRMpppQvaod9PEHLVt7J6E4Mxyvni1vUHWKh","ERROR","UNKNOWN","YES","","M","","2026-01-19T07:28:48.842Z","2026-01-28T15:34:50.367Z","Invalid public key input"
"691733519f7219387dfe337d","","9swjaq9q1rd6munkzrufjadqnuvohmjuxer8s6f3t8yt","","ERROR","UNKNOWN","NO","","","","2025-11-14T13:49:05.400Z","2025-11-30T00:30:15.933Z","Invalid public key input"
"691c6406dfc0d8f249cfcf33","","9uzzdh5ifhmifvkwmthietvb4lfpnuifmthj6j32sqkv","","ERROR","UNKNOWN","NO","","","","2025-11-18T12:18:14.202Z","","Non-base58 character"
"69136b931b4843e11fe802e2","","9v7axtc94avckiuz9n3wawhtmlufkfutf2lau8npjz6c","","ERROR","UNKNOWN","NO","","","","2025-11-11T17:00:03.797Z","2025-12-18T02:07:27.910Z","Non-base58 character"
"6913c4d21b4843e11feca13e","","9vaj8teicrnrai6wkgxekuq1i34g7exvjckekeupdoc3","","ERROR","UNKNOWN","NO","","","","2025-11-11T23:20:50.608Z","2026-01-06T02:36:34.151Z","Invalid public key input"
"6951690eec9d0ba318f97d2f","","9w2e75qtbtrlfqtp1wpfsed8jetv88e7n4feghvpvaoa","","ERROR","UNKNOWN","NO","","","","2025-12-28T17:29:50.575Z","","Non-base58 character"
"697624e0d6fbe04d68f216e6","","9yby3stfihdn8n1ipch4w5pe6u6c1n2vrugcemzumwjt","9ybY3STfiHdn8n1iPch4w5Pe6u6c1N2vruGCEmZUmWjt","ERROR","UNKNOWN","NO","","","","2026-01-25T14:12:48.532Z","","Invalid public key input"
"695d0a353e8b4ad360d60ac1","","a96ybmabb2qasfdyyl2hrh55wk8mgloypxgybgrkhk4w","A96yBMabb2qAsfdYYL2HRH55Wk8MGLoypxgYBGrKhK4w","ERROR","UNKNOWN","NO","","","","2026-01-06T13:12:21.751Z","2026-01-26T20:32:57.989Z","Invalid public key input"
"694995c96d975078363876ed","","aa34bguob5mb9d2n2cyqpblb1t5ssqkvaxpfg7vwdq6","","ERROR","UNKNOWN","NO","","","","2025-12-22T19:02:33.902Z","","Non-base58 character"
"6949413a6d9750783635fc2d","","acm13lmdanxwzh12zlxtphztnwzq3rxcux3jeok7xsuh","","ERROR","UNKNOWN","NO","","","","2025-12-22T13:01:46.837Z","","Non-base58 character"
"69143036cf8ed0d8340aa49e","","ad1bmcv5xgnqbhbqsfx7xlujgacpuxlm9tphmvhu48la","","ERROR","UNKNOWN","NO","","","","2025-11-12T06:59:02.717Z","","Non-base58 character"
"69776543dd20efc0d2021bb7","","aendsmnnww9hknekdt91krd4hoax1a563tdrhccjezgd","AeNdSMnnWW9hknEKDT91krD4hoaX1a563tDrHCcjEZGd","ERROR","UNKNOWN","YES","oneDman","Dylan","","2026-01-26T12:59:47.433Z","","Invalid public key input"
"697bc88525a35926042373f0","","afbpyldhtwkcdw3nacgkto3ktcwewcd7y5jnbjk9npbt","AFbpyLdHTwKcDW3NaCgkTo3KtcWEwCD7y5JnBJk9npBT","ERROR","UNKNOWN","NO","","","","2026-01-29T20:52:21.287Z","","Invalid public key input"
"6913ff591b4843e11ff06438","","agbhpfytza8e5jvaak6ijb7wwa9mba2nbcipsktpxuwd","","ERROR","UNKNOWN","NO","","","","2025-11-12T03:30:33.071Z","2025-12-21T03:53:10.334Z","Invalid public key input"
"6918242287db997e9d687a30","","aghhmbfxrbtta3mnldx1d1ntlr4ksobkl8d9lbu23gpm","","ERROR","UNKNOWN","NO","","","","2025-11-15T06:56:34.684Z","","Non-base58 character"
"693cc86ad9436d5cf96a891f","","aiwymq1p1m5rw9gdmg7urezenotw5kat2a76hwkhekds","","ERROR","UNKNOWN","NO","","","","2025-12-13T01:59:06.044Z","2025-12-13T02:00:38.604Z","Invalid public key input"
"6973f6ffa2f776a0ccad5ebb","","ajbxkjvnpazvvysabgviyyx42w1gke6aremfjzx2fucx","AjBXkjVNpAZVVysabgviYYX42W1gKE6aREMfjzX2fucX","ERROR","UNKNOWN","NO","","","","2026-01-23T22:32:31.040Z","","Invalid public key input"
"694942216d9750783636024d","","ajsmbcuneffxm8npx7budmsqcjkfqhm1gcugqtzfgttk","","ERROR","UNKNOWN","NO","","","","2025-12-22T13:05:37.604Z","","Invalid public key input"
"6913b4351b4843e11febea00","","ak44vojnraznhxsxyydqi9puzvoax5yzufojysydayt1","","ERROR","UNKNOWN","NO","","","","2025-11-11T22:09:57.208Z","","Invalid public key input"
"698633a1e59b42b17c96d72d","","apabd7ynjhrdrskx4byhdp4eggrvduxrfo9knvicdyyk","ApAbD7YnjhRdrSkx4byHdp4eGGRVDuxrfo9knvicdyYk","ERROR","UNKNOWN","NO","","","","2026-02-06T18:32:01.670Z","","Invalid public key input"
"697a556125a3592604108b9a","","aqaurcfrghxvvvqxehq3qaf278vccyuotzfrn81o3ewt","AqauRCfRghXVVvqXehq3QAf278vcCyUotZfrn81o3ewT","ERROR","UNKNOWN","NO","","","","2026-01-28T18:28:49.394Z","","Invalid public key input"
"6977666cdd20efc0d20229c7","","aqevkusdg2on6fcvssksvrgfhb1ahpsciqmqjekzl2ka","AqEVKuSDg2on6FcvSskSVrGFhB1aHPsciqMQJeKZL2kA","ERROR","UNKNOWN","NO","","","","2026-01-26T13:04:44.536Z","","Invalid public key input"
"692fd639dfc0d8f2499d6af0","","areynzhixbknrwgv9z5k7nywhj7ee86agbyzusmsxztx","","ERROR","UNKNOWN","NO","","","","2025-12-03T06:18:33.331Z","","Invalid public key input"
"69855286545d9143acf9a97c","","arptbdhwqg1jbfv7cpvnafekszve9nwj3t9zgk2hd7ys","ARptbDhwqg1JBFV7cpVnAFekSzvE9NWj3T9ZgK2HD7ys","ERROR","UNKNOWN","NO","","","","2026-02-06T02:31:34.569Z","","Invalid public key input"
"6949ce259557ec7aed7bba1e","","asiim1ux43yjwv86hejev83xjrrjrbhd4qinz68vvdzv","","ERROR","UNKNOWN","NO","","","","2025-12-22T23:03:01.716Z","2025-12-23T17:13:55.877Z","Invalid public key input"
"694975f26d975078363776de","","asqhzfflc4arrphr2l8bkwnugtqayryyqx5uyxzydvh5","","ERROR","UNKNOWN","NO","","","","2025-12-22T16:46:42.356Z","","Non-base58 character"
"6952e77fec9d0ba3180372b7","","at7zjq4ajercml8bnqfkca2cajrjh4uw8tghletmkvsf","","ERROR","UNKNOWN","NO","","","","2025-12-29T20:41:35.817Z","","Non-base58 character"
"6977af382db5525ce6c946f2","","aujapzzsabzwffdnxjvg2svdfftql6kh2ddsurzsuxr6","AuJAPzZsAbZWffdnxjVg2SvDFfTQL6Kh2ddSuRZsuxR6","ERROR","UNKNOWN","NO","","","","2026-01-26T18:15:20.207Z","","Invalid public key input"
"6973cdf2a2f776a0ccabca8f","","av2mrxtfhnsqoemyaexb7cwkzkm27p4hvamwqpordfor","Av2mRXtfHnsqoemyAexb7Cwkzkm27p4hVaMWQpordfoR","ERROR","UNKNOWN","NO","","","","2026-01-23T19:37:22.095Z","2026-01-24T09:31:13.683Z","Invalid public key input"
"693c082cd9436d5cf96a3f7b","","aw3tmd7rdxjdhnx4xcm4i2b4s49pbbmljzqn7c6yn98p","","ERROR","UNKNOWN","NO","","","","2025-12-12T12:18:52.054Z","","Non-base58 character"
"69496c016d975078363731e4","","awrinm49fhwvyhhzeeumkomsg5dcxvjdfqsddtosatgd","","ERROR","UNKNOWN","NO","","","","2025-12-22T16:04:17.315Z","","Invalid public key input"
"691495f561a6371e88b99bb1","","axpmyexa54d859aex9pv4rtv6jgunkp9ecfmy9pptaxy","","ERROR","UNKNOWN","NO","","","","2025-11-12T14:13:09.512Z","","Invalid public key input"
"69761105d6fbe04d68f1609e","","axuyuct1a6mupxbb5ecrlvhkoqcfv4cwszznzbdrhhvm","AxUyuCt1A6MUpXBb5ecRLVhkoqcfV4CwsZZNzBDrhhvm","ERROR","UNKNOWN","NO","","","","2026-01-25T12:48:05.991Z","","Invalid public key input"
"6949b7d99557ec7aed7bac5c","","azfwsgbahcpqrt9qubdpvdvg5uqqzwskqzghvxgnn83d","","ERROR","UNKNOWN","NO","","","","2025-12-22T21:27:53.283Z","","Invalid public key input"
"6973e315a2f776a0ccac98b7","","b1oc1nrd6hqojodirtwdzqx3ht3rtw9ifjf8cgsej5tq","B1oc1NRD6hqojodiRTWDzqX3Ht3rtW9iFjF8cgSej5tq","ERROR","UNKNOWN","YES","AINC61","AINC","","2026-01-23T21:07:33.435Z","2026-02-01T13:31:18.215Z","Invalid public key input"
"6913a3601b4843e11feb0b26","","b1vuk75fh7cbvjwtes8kzr7d3mcun2nth9rdibff1dfr","","ERROR","UNKNOWN","NO","","","","2025-11-11T20:58:08.234Z","","Invalid public key input"
"69165cc5e6093913eb32582f","","b2bkgafcbmcxiatpzflhkmpbjtw7djhdyobqnwzvadcx","","ERROR","UNKNOWN","NO","","","","2025-11-13T22:33:41.439Z","","Non-base58 character"
"6977e19e2db5525ce6cd3c26","","b4ib311uqfaf4py2zi1rkdbwjlerissnhko7gnexjh46","B4ib311uqFAF4py2zi1rKDbwjLEriSsNHko7GNeXjH46","ERROR","UNKNOWN","NO","","","","2026-01-26T21:50:22.425Z","2026-01-27T15:04:25.880Z","Invalid public key input"
"694980ba6d9750783637d310","","b5q1fn65dqh5zga5axmb4ypbwzw3y4hmeaanpxxjr9xc","B5q1fN65dQH5zGA5AXmB4yPbWZW3y4hMeAanPxxJR9Xc","ERROR","UNKNOWN","NO","","","","2025-12-22T17:32:42.042Z","2026-01-16T14:12:39.645Z","Invalid public key input"
"6917296b7120cd0c093282e3","","b5xnbxqtnrdecan5p35gzpn1ayrz2fcnkjwmdzf5fbv4","","ERROR","UNKNOWN","NO","","","","2025-11-14T13:06:51.861Z","2025-11-16T19:11:43.563Z","Invalid public key input"
"691359211b4843e11fe70831","","b7pa5ayf7hb6gpbdcdzynzecbc7uuahfbawxm9bt1v2i","","ERROR","UNKNOWN","NO","","","","2025-11-11T15:41:21.281Z","","Invalid public key input"
"68ec096ce77aa937ffc8c807","","b8yk4wpu16ggazm3bswsfaz4rbd4wefx8deux69xip6r","","ERROR","UNKNOWN","NO","","","","2025-10-12T20:02:52.487Z","","Invalid public key input"
"68f078eacb0804a3998608d1","","b9e2z6mmkujwihnaufjpwp7w1zwquejcodsfcgixebsv","","ERROR","UNKNOWN","NO","","","","2025-10-16T04:47:38.887Z","2025-12-11T09:37:01.293Z","Invalid public key input"
"697892442db5525ce6d7fe4a","","ba3cam42wpjsymwadgmkwvyk3rf6p26fl4yipqz87vng","BA3caM42wPJSYMwadgMkWVyK3rF6P26FL4yipqZ87VNG","ERROR","UNKNOWN","NO","","","","2026-01-27T10:24:04.293Z","","Invalid public key input"
"69768edcdd20efc0d2f63224","","bbdjb5pw3vdkjnwstqc3n1fobxzexgd4tzda2hrg55cd","BbDJB5PW3vdKjNwstQC3N1fobXzEXgD4tZDa2Hrg55CD","ERROR","UNKNOWN","NO","","","","2026-01-25T21:45:00.825Z","","Invalid public key input"
"6913bcde1b4843e11fec4f8a","","bbrrsklerhbb35n1ehft6ppqpyqwflyntyaxrwm9jbmm","","ERROR","UNKNOWN","NO","","","","2025-11-11T22:46:54.110Z","","Non-base58 character"
"69787e4b2db5525ce6d70811","","bchr6lgxstjhsxr8flyafdxesf8ks1crnnelkqlzcwwq","BCHR6LGxStjHSXR8FLYAfdXesF8KS1crnNELkQLZCWwq","ERROR","UNKNOWN","NO","","","","2026-01-27T08:58:51.876Z","2026-01-27T10:16:25.284Z","Invalid public key input"
"6982e700a54a209b24b0b2ab","","bcmdzqf8fg2xxs84ize77ry2oexlte3mcnzwjve6ghsp","BCMDzQF8FG2xXs84iZe77Ry2oeXLte3mCnzwJVE6ghsp","ERROR","UNKNOWN","YES","RoelDeCa","Rocko","","2026-02-04T06:28:16.673Z","2026-02-04T09:15:23.610Z","Invalid public key input"
"69138d7b1b4843e11fe9d160","","bey8earg7gsdvs3kugubzqinzaczpdjx3toefsutjqwj","","ERROR","UNKNOWN","NO","","","","2025-11-11T19:24:43.861Z","","Invalid public key input"
"692074b1dfc0d8f249006a72","","bfnfxcnf6ayhb3cusoo8lxcru5gdffppb5kxtkqadzsm","","ERROR","UNKNOWN","NO","","","","2025-11-21T14:18:25.923Z","","Non-base58 character"
"697c073225a359260427fa19","","bhgf81qfr6dogh4u4tmmas96rdsunbqmrlvjmdqgpa21","BhGf81qFr6DoGh4U4TMmas96RDSUNbQMRLvjmdqGpA21","ERROR","UNKNOWN","YES","d3callers","Dream¬≥ Wilson (ICMÂ∞àÊ≥®ËÄÖ)","","2026-01-30T01:19:46.385Z","2026-01-30T01:36:19.888Z","Invalid public key input"
"694d7661fc3a15f16471b912","","bhs3r6qjvswj75tcp8twvxmyr2bgu9arbg8yg5j2bkdg","","ERROR","UNKNOWN","NO","","","","2025-12-25T17:37:37.093Z","2026-01-05T06:49:08.052Z","Invalid public key input"
"69754503d6fbe04d68e9dae0","","bi7d7nvvwaosqilhygphupmtgepdg3p3ng1vqcbqubpk","Bi7d7nVVWAoSQiLhYgPhupmtgepDg3P3nG1vqcBqUBPK","ERROR","UNKNOWN","NO","","","","2026-01-24T22:17:39.838Z","","Invalid public key input"
"68d61f44ddf9a85da3dca0a8","","bjbzynrzfmsdntwlyxus4kuabawuuwhsvtd9s2ek1imu","","ERROR","UNKNOWN","NO","","","","2025-09-26T05:06:12.515Z","2025-11-02T18:27:07.665Z","Non-base58 character"
"695b0f84126cefa98d6d9e0d","","bker3mswzwsybsuabunirjx8xo7l2qxxbjfjjlafo2gg","BKer3MswZwSyBsuabUNiRjx8Xo7L2qXXbjFJJLAFo2gG","ERROR","UNKNOWN","NO","","","","2026-01-05T01:10:28.429Z","2026-01-16T14:57:44.975Z","Invalid public key input"
"6922d92cdfc0d8f24919300c","","bksj1d7plgucewj2j36amcvgybx9gytg4k2dyy3zyokz","","ERROR","UNKNOWN","NO","","","","2025-11-23T09:51:40.404Z","","Non-base58 character"
"694668556d975078362139a9","","bkyzjxqchv5h3ezvnqyrxzhas2unlpfbyabqbs1acnbb","","ERROR","UNKNOWN","NO","","","","2025-12-20T09:11:49.354Z","","Non-base58 character"
"6972192b89c65bb4d4c44059","","bmwkys9kdq2vsdwx4e3txiet3w9xttjy8ydiqwyhagjd","BMWkYs9KDQ2VsDWx4e3txieT3w9XTTJy8ydiqWyhagJD","ERROR","UNKNOWN","NO","","","","2026-01-22T12:33:47.426Z","","Invalid public key input"
"696cc29e7d8f643f122d6b27","","bnjxur7n2bt359deytesokrtnuidlrzagyeczyyda6fz","BnJXUR7n2Bt359deYTesokrTNUiDLRzAgyeCzYyDA6fZ","ERROR","UNKNOWN","NO","","","","2026-01-18T11:23:10.438Z","","Invalid public key input"
"6977cf8b2db5525ce6cbc4a0","","bnqazbuuutmrqbbjanwnaguw1igacbrqef9jrot3zzmq","BnQaZBUuuTMrQbbjANwnAgUW1igacBrqeF9jrot3ZZmq","ERROR","UNKNOWN","YES","","Ap","","2026-01-26T20:33:15.604Z","","Invalid public key input"
"697561b2d6fbe04d68ec3543","","bradnnsr2bptgdkrau5o343g17oxwksm7zphk2etwq1m","BrAdNnSr2bPtgdKrAU5o343g17oxWKsm7Zphk2eTwq1M","ERROR","UNKNOWN","NO","","","","2026-01-25T00:20:02.108Z","","Invalid public key input"
"6916e99eaf6cafd782cd02f2","","brodqdqgr9icuvgw8fyszwy7ahpgzrboqsyvktbc7y27","","ERROR","UNKNOWN","NO","","","","2025-11-14T08:34:38.709Z","","Invalid public key input"
"69169bb0e6093913eb35ab8c","","brwyjsuldov68rt2ndgfv6onjybjuelmhytuafl2etxm","BRWYJSULDoV68Rt2ndGfv6onJybJUeLMhytUaFL2etXm","ERROR","UNKNOWN","NO","","","","2025-11-14T03:02:08.810Z","2026-01-14T04:43:38.463Z","Invalid public key input"
"69586b3c29be69df57853b55","","bswndxpugjsm9njcb7eeylbbkmhkyndhngmfbhreml6n","","ERROR","UNKNOWN","NO","","","","2026-01-03T01:05:00.212Z","","Non-base58 character"
"691ed1f7dfc0d8f249eba20d","","bszp5yhbhts2b4r7loveyxwgzbbaezzid43ot7kq6spk","","ERROR","UNKNOWN","NO","","","","2025-11-20T08:31:51.545Z","","Non-base58 character"
"696d6b8c6445f536be33331a","","bvav33tqih8thmepsusmumhhiwykw6k8cr2oc4sjewuk","BVav33TQiH8ThmePsuSmuMHHiwykw6k8cR2oC4sjEWuk","ERROR","UNKNOWN","NO","","","","2026-01-18T23:23:56.850Z","","Invalid public key input"
"6983a930512595b5063a872c","","bzmy2zpuavcu3unv4gbkbu8tpavrsrcc3psaypquzeyd","Bzmy2zpUAvCu3unv4GBKbU8tpAvRsRCc3PsAYPqUZeyd","ERROR","UNKNOWN","YES","Bendy2004","Bendy","","2026-02-04T20:16:48.859Z","","Invalid public key input"
"691fc31fdfc0d8f249f788dc","","bzr7qbyrxe7jrce2kmulbc62bqtm9vgqnvf2gjfguwtn","","ERROR","UNKNOWN","NO","","","","2025-11-21T01:40:47.309Z","","Non-base58 character"
"69135dd21b4843e11fe73ef3","","bzygfecpylhy5g2h5ubomfreqvy8tsna2momp8uvbgdj","","ERROR","UNKNOWN","NO","","","","2025-11-11T16:01:22.547Z","","Non-base58 character"
"694486e96d97507836116ff1","","c1ctgejy2rrfnypj4tlyvcwwyydrimuwy7p3fx6gadv2","","ERROR","UNKNOWN","NO","","","","2025-12-18T22:57:45.478Z","","Non-base58 character"
"691fe70cdfc0d8f249f90bfe","","c4nntvjzyoeqslhk89sj9vg52mfyrv6nitgy92xpuh56","","ERROR","UNKNOWN","NO","","","","2025-11-21T04:14:04.870Z","","Non-base58 character"
"691e1adedfc0d8f249e3619d","","c6yzeftud3fycxrxln6gammvxyvodxhhvwfkbbx24bgr","","ERROR","UNKNOWN","NO","","","","2025-11-19T19:30:38.900Z","","Non-base58 character"
"69140c141b4843e11ff0e090","","c7u7twc1knnn9kyxjmkahrh2rhm5yx9fznbqzdsqtqzg","","ERROR","UNKNOWN","NO","","","","2025-11-12T04:24:52.842Z","","Invalid public key input"
"6973f768a2f776a0ccad61be","","cc7nw9e2rpjb6dejsqrpsvr1xns6uwn2wgafgbs6a9im","CC7nW9e2RPjb6dEjSqrPsVR1xNs6uWn2wgaFGbs6a9im","ERROR","UNKNOWN","NO","","","","2026-01-23T22:34:16.138Z","2026-01-25T23:11:42.502Z","Invalid public key input"
"6914b1783ab2d85138914775","","ccea7pray2wd4w9swqfcr8fs34gzt9yzrnpijwz8zazz","","ERROR","UNKNOWN","NO","","","","2025-11-12T16:10:32.061Z","","Invalid public key input"
"6915cd06e313c5d0238477be","","cdc9htqnk7qczymmkx4rpn1mhchqrd5eyhl4ze2enhnv","","ERROR","UNKNOWN","NO","","","","2025-11-13T12:20:22.103Z","","Non-base58 character"
"696aca870a40cde9c4011614","","cds4cgjfrfxcjhuqkzux25u4gxq33jjkkdzgrglrkdsx","CDS4cGjFrfXcjHUQKzuX25u4gXq33JjKkDzGrgLrkdSX","ERROR","UNKNOWN","NO","","","","2026-01-16T23:32:23.347Z","","Invalid public key input"
"69516da9ec9d0ba318f997e7","","ce9cn8qmqp9xgs7sny1qkzpu8hquy8jnbjmrzsc9mwaj","","ERROR","UNKNOWN","NO","","","","2025-12-28T17:49:29.445Z","","Invalid public key input"
"6931dddedfc0d8f249af5c6c","","ceg5qkt2ur37arppcaiejt3r4dzgz2xb6gpuqvwjpvim","","ERROR","UNKNOWN","NO","","","","2025-12-04T19:15:42.698Z","2025-12-18T07:00:18.223Z","Invalid public key input"
"692bca73dfc0d8f2496f2dcb","","cfelytmt5efgch1ee7bzaek4zxmgudnxtyajck8fixwk","","ERROR","UNKNOWN","NO","","","","2025-11-30T04:39:15.270Z","","Non-base58 character"
"6977ddc12db5525ce6cce845","","cfz6y9ujsemcdlhbc6ihr459qfbcybw1g8gd82mxzbkp","Cfz6Y9uJSemCDLhBc6iHr459QfBcybw1g8Gd82mxZBKP","ERROR","UNKNOWN","NO","","","","2026-01-26T21:33:53.652Z","","Invalid public key input"
"6977e8282db5525ce6cdbbcd","","cgwus6fxkj8weahnbq5qwewzpyxcy1qwwlpcpw4wusny","CgwuS6FXKJ8weaHnbq5qWEwZpyXcY1QwWLpCpW4wusny","ERROR","UNKNOWN","NO","","","","2026-01-26T22:18:16.314Z","","Invalid public key input"
"6949b53e9557ec7aed7ba87d","","ch8nqhddkblm4hyh3wbmvcgxsv3fbhr97kgv45tsvxlb","","ERROR","UNKNOWN","NO","","","","2025-12-22T21:16:46.555Z","","Non-base58 character"
"690aabe0873e081c2a393ba7","","cjn1pmckdwnbix42eza2ujvv76rnlsan52mwjcathdzu","","ERROR","UNKNOWN","NO","","","","2025-11-05T01:44:00.240Z","","Non-base58 character"
"6913bf541b4843e11fec6907","","cjsbgfdaevcd2pfubltcx2vmew7npw2j2kcswkdekany","CjsbgFDaeVCd2PfuBLTcx2vmew7Npw2J2kCSWkdeKAnY","ERROR","UNKNOWN","NO","","","","2025-11-11T22:57:24.248Z","2026-01-25T20:49:08.993Z","Invalid public key input"
"69142553c1da3a009fd90795","","ck8mxmml9pdfyawcfkvuehx2qxmagbirijj1qpix69a8","","ERROR","UNKNOWN","NO","","","","2025-11-12T06:12:35.642Z","","Non-base58 character"
"6913f1881b4843e11fefbbc6","","cl3vz7f2htkglhgkl3an8g7u9cxvgejjpvn1eigi123n","","ERROR","UNKNOWN","NO","","","","2025-11-12T02:31:36.058Z","","Non-base58 character"
"697842502db5525ce6d452d1","","cqkpajtrgfbtm9bu4aumn3zydaaqnqapas3dmh6w1nnx","CQKPAJtRGFbtM9BU4aUMN3ZYdAaqnqapas3dmH6W1nNx","ERROR","UNKNOWN","NO","","","","2026-01-27T04:42:56.711Z","","Invalid public key input"
"6914774961a6371e88b818d4","","csbzeuf72httj47jno2od47gn3xsqpneu47t7vcutajh","","ERROR","UNKNOWN","NO","","","","2025-11-12T12:02:17.692Z","2025-12-28T14:36:28.114Z","Invalid public key input"
"68e7ed9a1283167d75950e75","","cslnezb2u9dp5iez8ezffaqxywnyah8zeqca2yvsmwrr","","ERROR","UNKNOWN","NO","","","","2025-10-09T17:15:06.330Z","","Non-base58 character"
"6973b4cfa2f776a0ccaacd89","","cv6uvihnapt1f3qybxgidindyaxgxuk5q56vxmtdhy2t","Cv6uViHnAPT1f3qyBxGidiNDyAxGXuk5q56VxMTdHY2t","ERROR","UNKNOWN","NO","","","","2026-01-23T17:50:07.609Z","2026-01-23T17:53:31.555Z","Invalid public key input"
"691360931b4843e11fe76734","","cyeo5fjbsurtpvgnqbgznm5knks9qpxjf2bgahwhtsff","","ERROR","UNKNOWN","NO","","","","2025-11-11T16:13:07.269Z","","Invalid public key input"
"696d6b516445f536be332f51","","cznquwfdp7kct8t8etrth1ixgohecrbpu8ph5rjbcjsz","CZNQUwFdP7kCT8t8etrth1ixgohEcRBPU8pH5RjBCJSz","ERROR","UNKNOWN","NO","","","","2026-01-18T23:22:57.816Z","","Invalid public key input"
"694a49419557ec7aed7d2439","","d4xbbk32dxiyxfubtidigh7wyawnisq7igffthy1mg8r","","ERROR","UNKNOWN","NO","","","","2025-12-23T07:48:17.346Z","","Invalid public key input"
"691372031b4843e11fe8531c","","d6upsmawg91a7ctmuxatvvyfg36n2nzznhdgzd6novxr","","ERROR","UNKNOWN","NO","","","","2025-11-11T17:27:31.331Z","","Invalid public key input"
"690c2063d4f37e442c22c7ea","","d75sm4bugvse2tw9gdrgcsfjegd6tjdpadkjzv972do1","","ERROR","UNKNOWN","NO","","","","2025-11-06T04:13:23.220Z","","Invalid public key input"
"6977f1f02db5525ce6ce6441","","daqqmprt2ogmyucwaz9mkchauytdtt5evmuzut2smhwm","DAQqMprt2oGmyUCwaz9mKchAUyTDtT5eVMUzuT2smHWm","ERROR","UNKNOWN","NO","","","","2026-01-26T23:00:00.153Z","","Invalid public key input"
"6977be732db5525ce6ca728c","","dbewkyhvcp5qgyznmcr63xfxc4cy8jwr24lwewcso7bz","DBeWKYhVCp5QgyZnMCr63XfxC4cy8JWr24LweWcSo7bZ","ERROR","UNKNOWN","NO","","","","2026-01-26T19:20:19.814Z","","Invalid public key input"
"691357aa1b4843e11fe6f65a","","dcy5c2v7jhdzgxz4jt7y3ui54e59cgglreet947vsbr8","DCY5c2v7JHDzGXz4JT7y3ui54e59CGgLrEEt947vsBR8","ERROR","UNKNOWN","NO","","","","2025-11-11T15:35:06.250Z","2026-01-24T13:15:26.438Z","Invalid public key input"
"697839532db5525ce6d3e5de","","ddubj4h7ezfzawxuyc5jwm1bj4tr7dr227qrdspbr5zf","DdUBj4H7ezFZAwXuYc5jWM1bJ4TR7DR227QRdspbr5Zf","ERROR","UNKNOWN","NO","","","","2026-01-27T04:04:35.959Z","","Invalid public key input"
"6914b98d3ab2d8513891c80d","","df1cih58nwenplvrbnuzbmhr7hd7ghq213sd8au7ak3i","","ERROR","UNKNOWN","NO","","","","2025-11-12T16:45:01.303Z","","Non-base58 character"
"6949624f6d9750783636e7da","","dggjttku3ugqqctlrtrszm2xkkulebywpqbaruu2tx7c","","ERROR","UNKNOWN","NO","","","","2025-12-22T15:22:55.417Z","","Non-base58 character"
"6913b5511b4843e11febf944","","dgjup4dqjng7ey7iwlngprzds499hf6fb35pmuyrypaz","","ERROR","UNKNOWN","NO","","","","2025-11-11T22:14:41.450Z","","Non-base58 character"
"69139fc01b4843e11fead947","","dib57ouu6xp7m6ulircrbcduxuumnclqyc99csd2et9j","","ERROR","UNKNOWN","NO","","","","2025-11-11T20:42:40.924Z","","Non-base58 character"
"69136acc1b4843e11fe7f89f","","dinnhmwzfykpkdmkkawhrupm9jwism8kv8ps2tvfcytc","","ERROR","UNKNOWN","NO","","","","2025-11-11T16:56:44.571Z","2025-12-06T05:59:43.884Z","Invalid public key input"
"694a80989557ec7aed7d3687","","djsfsxg56o9fsygpnutdusfc3ugjuqygdxkuh4ai5nqy","","ERROR","UNKNOWN","NO","","","","2025-12-23T11:44:24.541Z","","Invalid public key input"
"6961600006e46c6fa474175f","","dm7xqttyhhhh6azralywfxleeqjvc9qzrtvkmxnhh7bk","DM7xqTtYHhHH6azRALYWFxLeEqjvC9QZRtVKmXnHH7Bk","ERROR","UNKNOWN","NO","","","","2026-01-09T20:07:28.363Z","","Invalid public key input"
"6951688bec9d0ba318f97a55","","dmdhpx5hafvkepxtm335mmyqp2gpwns6bqltzqyq93xo","","ERROR","UNKNOWN","NO","","","","2025-12-28T17:27:39.397Z","","Non-base58 character"
"69138a101b4843e11fe9a202","","dncevw7dke9uvq17ywjc1wuzzqs5euocev8mt6dddhdi","","ERROR","UNKNOWN","NO","","","","2025-11-11T19:10:08.992Z","","Invalid public key input"
"697692e3dd20efc0d2f6634f","","dnf5bgqpam3b19xajtfxir9xyf7w6tno8ejdxo5eksnu","DNF5BgqpAM3B19xajtFXiR9xYF7W6Tno8EJdXo5EkSnU","ERROR","UNKNOWN","NO","","","","2026-01-25T22:02:11.537Z","","Invalid public key input"
"6913664d1b4843e11fe7c207","","dnthe1fj6r4cufmvw5osfgulmjfepjmjntqnhtucmv3u","","ERROR","UNKNOWN","NO","","","","2025-11-11T16:37:33.441Z","","Non-base58 character"
"69747e19d6fbe04d68e33104","","do6rbvcqcc8yzxbv2zryjnxj2ctzxbeyau3wtse26vq4","Do6rBVCQCC8YzXbV2zRyjnXj2CtZxbEyaU3wtse26vq4","ERROR","UNKNOWN","YES","","Cr","","2026-01-24T08:08:57.424Z","","Invalid public key input"
"69137d741b4843e11fe8f61e","","dqbstif6erepc6zet6knsn2bkuf8vimytchee9u7be37","","ERROR","UNKNOWN","NO","","","","2025-11-11T18:16:20.300Z","","Invalid public key input"
"694978746d97507836378c21","","dqrtydsyxqkeyxupcgb2yrtpuhkkbs9ay3s9iydow48u","","ERROR","UNKNOWN","NO","","","","2025-12-22T16:57:24.045Z","","Invalid public key input"
"69147ed061a6371e88b87f0c","","drkf9sswqqmqtad7fsrwe1ltnkojmqksagynnn9ajkks","","ERROR","UNKNOWN","NO","","","","2025-11-12T12:34:24.410Z","2025-11-12T13:17:27.317Z","Non-base58 character"
"693ab9b7ac1b07bae37e4ac4","","drqv3lfp6mnhj6zi7wa2yv6p6yny49wefmbmrxpy1ydw","","ERROR","UNKNOWN","NO","","","","2025-12-11T12:31:51.745Z","","Non-base58 character"
"69157f0a3ab2d851389ba0c6","","drwb2c8lftyokrraknwuy8ym5vxod22fbnqwxkmx76pp","","ERROR","UNKNOWN","NO","","","","2025-11-13T06:47:38.938Z","","Non-base58 character"
"6943ace36d975078360a052e","","dssvh2wcatkfp6fcaqxsfq94emqn2vr3qnbqugpbvhzn","","ERROR","UNKNOWN","NO","","","","2025-12-18T07:27:31.117Z","","Invalid public key input"
"6949879b6d975078363805b0","","dwgzd2uahgkityzeze5spifpyvxlzfv9wta7x763p8mx","","ERROR","UNKNOWN","NO","","","","2025-12-22T18:02:03.168Z","","Non-base58 character"
"694f60ebec9d0ba318ee1ae8","","dws8wp4udabnps8knmaqr8zuvtiygrl3vdmwppss8jge","","ERROR","UNKNOWN","NO","","","","2025-12-27T04:30:35.346Z","","Non-base58 character"
"6914abd361a6371e88baedae","","dx2twl85v8zm8ca5q2ptvezahthuwctktrd6qsab5aou","","ERROR","UNKNOWN","NO","","","","2025-11-12T15:46:27.955Z","","Non-base58 character"
"68d53874ddf9a85da3db1e06","","e3ie8qv1v7kksnsmqn8spuvfmaa6igyzggrceyfr1y5z","E3ie8qV1v7KkSnSMQN8spUvFMaa6igYzGgRCeyFr1Y5Z","ERROR","UNKNOWN","NO","","","","2025-09-25T12:41:24.131Z","2026-01-27T12:03:26.449Z","Invalid public key input"
"69137a661b4843e11fe8c447","","e3kkz1qqmpuutgcyjetqzbbfpeapw2lbwyvc8gyg5y3a","","ERROR","UNKNOWN","NO","","","","2025-11-11T18:03:18.669Z","","Non-base58 character"
"6913a7a01b4843e11feb423f","","e7ysse44kf1uq1qa6efcz7idnpvzbpci1oudmvin17dh","","ERROR","UNKNOWN","NO","","","","2025-11-11T21:16:16.108Z","2025-11-27T00:14:45.120Z","Invalid public key input"
"697510aad6fbe04d68e819db","","e81rnkeaeejoa2c6c2e55fyv5hbjtf4jjztcnwnx1d54","E81rnkEAEEJoa2c6C2E55fYV5hBjtf4JjZTCNWnX1D54","ERROR","UNKNOWN","NO","","","","2026-01-24T18:34:18.429Z","","Invalid public key input"
"6918523687db997e9d688bf7","","e8dq3cqgbf5wcmxpgaymdzdxj7wsuzrhysjfs1uq9j6z","","ERROR","UNKNOWN","NO","","","","2025-11-15T10:13:10.990Z","","Invalid public key input"
"691374ac1b4843e11fe87349","","e99vyxvtfdyrhujzife6ewqmaga2aczdgkk6cf8t6eyw","","ERROR","UNKNOWN","NO","","","","2025-11-11T17:38:52.842Z","","Invalid public key input"
"697009af954b2634be6a8f5c","","eas7gzjmpykq5uzdyvsenq1ongsgrsa3titjpcrfqhnv","Eas7gZjmpyKq5UZDYvseNq1oNGsgRSa3titjPcrFqHNv","ERROR","UNKNOWN","NO","","","","2026-01-20T23:03:11.939Z","","Invalid public key input"
"6977ebac2db5525ce6cdff06","","easonuinszzgbjcza4fap7jg83id995qlzc15ce9xkpu","EASonuiNszZGbJcZA4faP7JG83id995qLzc15ce9XkPu","ERROR","UNKNOWN","NO","","","","2026-01-26T22:33:16.077Z","","Invalid public key input"
"691df050dfc0d8f249e11895","","eb2nn1yhploryjapnespnxdft4my4bqbez7gz9vxzzzm","","ERROR","UNKNOWN","NO","","","","2025-11-19T16:29:04.884Z","","Non-base58 character"
"694b8d117ebab971c9e47e25","","ebx6kxc6fykfawfcpdkjkts1ehbej9ue976exrqdtg3h","EBX6kxC6FyKfawFCPdKJKts1EhBEJ9ue976EXrqDtG3H","ERROR","UNKNOWN","NO","","","","2025-12-24T06:49:53.147Z","2026-01-24T02:13:51.360Z","Invalid public key input"
"6949b66f9557ec7aed7baaf4","","ecujdoite2udw9bckt63l22czw3d24ywy9w2jexm68bh","ECUjdoitE2udw9BCKt63L22cZw3d24YwY9w2jExM68BH","ERROR","UNKNOWN","YES","bolt94370","J","","2025-12-22T21:21:51.201Z","2026-02-04T21:42:31.301Z","Invalid public key input"
"6958fdca29be69df5788dc1e","","edky9bhl1plmtmfrohvvmaelhzurnolstucfsix4ybav","","ERROR","UNKNOWN","NO","","","","2026-01-03T11:30:18.525Z","","Non-base58 character"
"6961618006e46c6fa47426b1","","ee66fbifyvvfmrwei5u1fv4t3vjqd3pcmgpxqsgpngkf","EE66FBiFYvVfMrWei5U1FV4T3vjqD3pcMGPXQsgpNgkF","ERROR","UNKNOWN","NO","","","","2026-01-09T20:13:52.513Z","","Invalid public key input"
"697961ec11a8b23a3dc8ad5c","","efs37udzsnzzmunjznanegocapmvmbtya3makwh3s5ct","EFs37UDzsNZZmuNJZnANEGoCapMvMbtyA3MaKWh3S5Ct","ERROR","UNKNOWN","NO","","","","2026-01-28T01:10:04.589Z","2026-01-28T01:14:04.994Z","Invalid public key input"
"691386391b4843e11fe967a9","","eft5p3tkskydp28bcrzu4tasr8egqx4mbxznvkxjkbq8","","ERROR","UNKNOWN","NO","","","","2025-11-11T18:53:45.742Z","","Invalid public key input"
"68ed4d611b829109bfd5451f","","efxbpcksj9tp6v31sfcqpzkezbunip6w2mjb7cne1b64","","ERROR","UNKNOWN","NO","","","","2025-10-13T19:05:05.907Z","","Invalid public key input"
"69136b6c1b4843e11fe800d8","","eg8q8x2z1iay7t6gmacw56vro1gd4axco5ps5yufzpgt","","ERROR","UNKNOWN","NO","","","","2025-11-11T16:59:24.691Z","2025-12-16T16:27:59.017Z","Invalid public key input"
"6979fa8211a8b23a3dcdd64b","","eglerddomhg5r1yohwssmi8axzejuv3a9ffm75wrmy2","egLERDDomHg5R1YohwSsmi8aXZEjUV3a9FFM75WRMy2","ERROR","UNKNOWN","NO","","","","2026-01-28T12:01:06.219Z","","Invalid public key input"
"6977e58e2db5525ce6cd8b4f","","egncdumtyedtte4ersa96vdjnioievuh4wukmjctriqk","EgncDuMtyedtte4ErSA96vdJNioievuh4WuKMjctriqK","ERROR","UNKNOWN","NO","","","","2026-01-26T22:07:10.288Z","","Invalid public key input"
"6977812add20efc0d203a2ad","","egqjejymnktaxxaa7ju7pjwdsj8gzzweqh8lbnjvumha","EgqjEjymnktaXXaa7jU7pJwdsj8gZzwEqh8LbNjVuMhA","ERROR","UNKNOWN","YES","gotit94","Lll","","2026-01-26T14:58:50.439Z","2026-02-04T11:27:30.355Z","Invalid public key input"
"69666772cf874c027a6d43cb","","eh1area3ffvyz51ue6vyfmhfievqtswnbd9j618j1yqc","EH1Area3ffvyZ51Ue6vyFMhfiEVQtSWnBD9j618j1Yqc","ERROR","UNKNOWN","YES","Bagchasergem","Bag Chaser üíº","","2026-01-13T15:40:34.331Z","2026-02-06T21:12:41.738Z","Invalid public key input"
"69590bdb29be69df578929cc","","ejxd9nymc87uf3w9hwhjpggztsrcfxxwccnxycjqzr3a","","ERROR","UNKNOWN","NO","","","","2026-01-03T12:30:19.709Z","","Invalid public key input"
"69420a20c66bd9e99c94f59d","","ejyxuwgfadyzebexm15qckmkejpczqoh5yf9qvtsbvpc","EJyXUWgFAdYzebeXM15qckMkeJpCzQoh5Yf9QvTsBVpC","ERROR","UNKNOWN","NO","","","","2025-12-17T01:40:48.272Z","2026-02-05T02:40:32.307Z","Invalid public key input"
"6914568361a6371e88b68c25","","ek3nex3ucvwuu4qzwphzzvyfadmqxl9hxnthmpusqtpo","","ERROR","UNKNOWN","NO","","","","2025-11-12T09:42:27.274Z","","Non-base58 character"
"691369171b4843e11fe7e4e4","","ekhp6fzvz8vbzvgrxzzyf2adtgu3can3uwq8veyncvvr","","ERROR","UNKNOWN","NO","","","","2025-11-11T16:49:27.796Z","2025-12-09T18:19:44.351Z","Invalid public key input"
"697e228d16f080158515a760","","entfxwwy9uzx5hdjprxyvziznjrpmhwyhqeprkzmxpcs","EntfXWWY9uZx5HDjPrxYvzizNjRpmhWYhqeprkZmxPcs","ERROR","UNKNOWN","NO","","","","2026-01-31T15:41:01.104Z","","Invalid public key input"
"696d6e5d6445f536be334fd1","","eoan7kww4sqst7qirxsxrdudcg3ersvrtmfg1watctva","EoAN7kWW4SqSt7QiRXsXrDUDcG3eRsVrtMfG1WATCTVA","ERROR","UNKNOWN","NO","","","","2026-01-18T23:35:57.834Z","","Invalid public key input"
"6949be839557ec7aed7bb1b3","","eqfdxtgc4lrfvkh56bwndnbhhd7swnj371pnjosrc74o","","ERROR","UNKNOWN","NO","","","","2025-12-22T21:56:19.071Z","","Non-base58 character"
"6977140ddd20efc0d2fe5965","","er5wpmwghhw243cmmcd5qmsjnwke78kydlrbtmm9agg9","ER5WPmWghHw243cmmcD5qMSjnwKE78kYdLRbTmm9agG9","ERROR","UNKNOWN","NO","","","","2026-01-26T07:13:17.338Z","","Invalid public key input"
"695fe5d19182a076503205bb","","erfdpvvrruk3rgh8preum4asuuwqkgn2zzkavgptmw5i","ErFDpvvrRuK3RgH8prEuM4AsUUwqkgn2ZZKAvGpTMW5i","ERROR","UNKNOWN","YES","Jackednbased","JackednBased","","2026-01-08T17:13:53.817Z","2026-02-02T18:33:29.647Z","Invalid public key input"
"69135ff31b4843e11fe75e8f","","ers5f3nz88fndabjsn5ifqujyadb9h9mjddkyctrhbxl","","ERROR","UNKNOWN","NO","","","","2025-11-11T16:10:27.655Z","","Non-base58 character"
"697cfd1116f0801585086f26","","ervyqqh2zkreum24t4ldgfp7mjots1rwa6hyf3l7zzop","ERvYqQh2ZKReUm24t4LDGFP7MJoTS1rWa6hYf3L7ZZop","ERROR","UNKNOWN","NO","","","","2026-01-30T18:48:49.378Z","","Invalid public key input"
"69712a9b5740955463db8685","","es5g6kmbbgwe6l5gaqb7qzdhcxce6obk8njjbpnw1qnu","Es5G6KMBbGWe6L5gAqb7qZDhCxCe6obk8NJjbPNW1QNu","ERROR","UNKNOWN","YES","MrJohngH","Mr John","","2026-01-21T19:35:55.265Z","2026-02-01T12:58:40.554Z","Invalid public key input"
"6914dfc93ab2d8513893e7e4","","eshbiinmgrmnedkjwec6c167ozc26hi486oclvfttibc","EsHbiinmGrMnedkjWeC6C167ozc26Hi486oCLVFttiBc","ERROR","UNKNOWN","YES","Tokra88","Tomaz","","2025-11-12T19:28:09.433Z","2026-02-06T22:07:08.197Z","Invalid public key input"
"6954217b29be69df57684fe9","","esmk9vxfw3vpsemm2kcd1mks98y6bfjtwevohkbljrf4","","ERROR","UNKNOWN","NO","","","","2025-12-30T19:01:15.388Z","","Non-base58 character"
"691836b587db997e9d688227","","esu38cprtifn7jrzx9pwknaxathvoudpsqk48wdh9jgf","","ERROR","UNKNOWN","NO","","","","2025-11-15T08:15:49.873Z","","Invalid public key input"
"697b1f8c25a35926041ad6ed","","et1j8vq1dyn8aqhkvhwyujjxpznsftpckt2ee6cvtfs1","ET1j8vQ1dyn8AqhKvhwyUjJxpZnsFtpCKT2Ee6CVtFs1","ERROR","UNKNOWN","NO","","","","2026-01-29T08:51:24.732Z","","Invalid public key input"
"6976959fdd20efc0d2f6856f","","eulwxck5xvmq2tfbhcb7kmnanqe4fmll7hga9ovxy1qe","EuLWxcK5XVmQ2TfbhCb7kmNANqE4FMLL7HGA9oVxy1qE","ERROR","UNKNOWN","NO","","","","2026-01-25T22:13:51.428Z","2026-01-26T09:32:29.145Z","Invalid public key input"
"6921a3acdfc0d8f2490d6012","","eutrauvtfqypmy9kd6bulx9lanemuzrhetinavt7a5fb","","ERROR","UNKNOWN","NO","","","","2025-11-22T11:51:08.572Z","","Non-base58 character"
"6913ac1a1b4843e11feb7e47","","ev1wnezw4zcxwvqa1mrdwwfbz6v9mla1opdd3vtlgdvv","","ERROR","UNKNOWN","NO","","","","2025-11-11T21:35:22.071Z","","Non-base58 character"
"69135dea1b4843e11fe74009","","evbdo7emxikbkhgkpsfteyypb7qctd5gbnyykfvk6qut","EVBDo7EMxikBkhgKPSFTEyYPB7qcTD5gbnyYkfVK6quT","ERROR","UNKNOWN","YES","Daghodlr85","STacKnCubes","","2025-11-11T16:01:46.968Z","2026-02-04T22:37:51.386Z","Invalid public key input"
"6977ddc22db5525ce6cce851","","ewuwznymgnxehkxxjh1fojwvy8wugs6swnrrnb7p6pkx","EWuwZNymgnXEHKXXjh1FojWvY8wUGs6sWnrRnB7P6pkx","ERROR","UNKNOWN","NO","","","","2026-01-26T21:33:54.797Z","","Invalid public key input"
"6924131fdfc0d8f24924d7ec","","ewwd2yq8rtmgeeurbmgt96jbpocqmztfggdap72czejl","","ERROR","UNKNOWN","NO","","","","2025-11-24T08:11:11.154Z","","Non-base58 character"
"6907b3a2fe54c70f401f3252","","exizqt4ngjsl9gvw2v25pwrqgt9c8nntpzquctpmroii","","ERROR","UNKNOWN","NO","","","","2025-11-02T19:40:18.688Z","","Non-base58 character"
"69136a9d1b4843e11fe7f677","","exrxjkkw6vhrlkdibhirnvzbimjbsmi4qae7qps75anu","","ERROR","UNKNOWN","NO","","","","2025-11-11T16:55:57.886Z","","Non-base58 character"
"697840aa2db5525ce6d441bc","","f2xsxrlstophg4ijwbqumjowbefjre3h9wnzcq2vgmfn","F2XSXrLSTophg4iJWbQumjoWBeFJRe3H9wnzCq2vGmFn","ERROR","UNKNOWN","YES","mutantBoy5","Mutant","","2026-01-27T04:35:54.790Z","2026-01-28T06:19:25.375Z","Invalid public key input"
"6943a39f6d9750783609d0c5","","f4kyrm45jjr29sect1amgsumknh52kq8zasuc5thipyb","","ERROR","UNKNOWN","NO","","","","2025-12-18T06:47:59.373Z","","Invalid public key input"
"692b4cb4dfc0d8f24969b564","","f55kpp3nne4uhwdf6szxovhgdl3ep35t4fdyjkpeuyeu","","ERROR","UNKNOWN","NO","","","","2025-11-29T19:42:44.755Z","","Non-base58 character"
"695b8ba8126cefa98d71b113","","f5megrjs4xprdsed7fbwegqukrg6cx1urxe3xtqap6dz","F5MEGRjs4XprDsED7fbweGqUKrg6Cx1URxe3xTQap6Dz","ERROR","UNKNOWN","NO","","","","2026-01-05T10:00:08.353Z","2026-01-28T05:16:34.604Z","Invalid public key input"
"69774436dd20efc0d2008d8b","","f7gzx8igxbnv1cxj5ztkpoe1yfzkvvhb3trdcceuy9nj","F7gZx8iGXbNV1Cxj5zTkPoe1YfzkVVHB3TRdcCeuY9NJ","ERROR","UNKNOWN","NO","","","","2026-01-26T10:38:46.663Z","","Invalid public key input"
"69160589e6093913eb2da0e9","","f8yqrauw4cn8jvj1tdtqtdxv9cs3hoajm8qk87pcrrff","","ERROR","UNKNOWN","NO","","","","2025-11-13T16:21:29.854Z","","Invalid public key input"
"690cde41885eea26872011bf","","fag8rsgfa67cdxtn1ke7hcmhxqcb3saqhqjzg3qvazan","","ERROR","UNKNOWN","NO","","","","2025-11-06T17:43:29.001Z","","Invalid public key input"
"694962ea6d9750783636ed2f","","fam5t3thv6nqm9xxfwhu3gk4uevjjrcdnpz8as8rhrfn","","ERROR","UNKNOWN","NO","","","","2025-12-22T15:25:30.552Z","","Invalid public key input"
"693cf24fd9436d5cf96a9109","","fb1qt51qkxozalfp3cnruwtjpcxsm2zxzr8wpzzsxrdl","","ERROR","UNKNOWN","NO","","","","2025-12-13T04:57:51.594Z","","Non-base58 character"
"694959106d97507836369901","","fb91uvcpza2dnz7cjxavdcaf9mfqxzy6i1lirhifdaak","","ERROR","UNKNOWN","NO","","","","2025-12-22T14:43:28.433Z","","Non-base58 character"
"68caa0c792a51655ac0e3412","","fdgjcbad5ya8urldanqjzlcqsdgheodbb8hkf88eydkn","","ERROR","UNKNOWN","NO","","","","2025-09-17T11:51:35.488Z","2025-09-19T06:13:53.003Z","Non-base58 character"
"691390631b4843e11fe9f2b7","","fdr9hzbrvxf4avyyg4lwnj2oq2tn7r5vsmdrwnh7ybqz","","ERROR","UNKNOWN","NO","","","","2025-11-11T19:37:07.056Z","2025-11-24T13:09:18.924Z","Non-base58 character"
"694991d96d97507836385573","","fdxasdr6trhmsj9zi9khq4vpmyhadpbsyeknuwsrnd52","","ERROR","UNKNOWN","NO","","","","2025-12-22T18:45:45.387Z","","Invalid public key input"
"6980a361001ae03f9c9459a7","","fedjjjv1lu7gf4xywgmn3joswt6u1aupfrozvagyfxe","fedjjJV1LU7Gf4XYWgMN3josWT6U1aUpfrozVaGyFXE","ERROR","UNKNOWN","NO","","","","2026-02-02T13:15:13.041Z","","Invalid public key input"
"69137d7f1b4843e11fe8f6c2","","ffzdbnfx9zxhs16pmtrht21hjdtxtd4hy8hhjm1mzmfc","","ERROR","UNKNOWN","NO","","","","2025-11-11T18:16:31.951Z","","Invalid public key input"
"69354e2317d6b10e14cc3cee","","fggmdtxrbvrt6qztzkn4cnzamcq5csd15hh5xlp4kfeu","FGGMdTXrBvRT6QZTzkn4CnzAmCQ5CSd15Hh5XLP4Kfeu","ERROR","UNKNOWN","NO","","","","2025-12-07T09:51:31.883Z","2026-01-25T15:29:27.101Z","Invalid public key input"
"696e1f856445f536be3b3b9d","","fgsqlydew8kwzrcpjze2xeqxcuoka8tecfytpvpckikx","FGsqLydew8KwzrcpJZe2xEQxCuokA8teCFYtpvpcKikx","ERROR","UNKNOWN","NO","","","","2026-01-19T12:11:49.899Z","2026-01-26T14:48:32.659Z","Invalid public key input"
"6908ac7a811b4985eb574e6a","","fjdyevwqnqrkkgaeqgj79pzpdykvahczw3qqtkcvhgbk","FJDyevwQnQrkKgaEqgJ79PzPdyKVAHCzW3qQTkcVhgbk","ERROR","UNKNOWN","NO","","","","2025-11-03T13:22:02.245Z","2026-02-05T22:32:12.738Z","Invalid public key input"
"6913c5e41b4843e11fecae69","","fjmoy1ebumwhpfsh8dbimvqzgyhwupusnj6xdutctawd","","ERROR","UNKNOWN","NO","","","","2025-11-11T23:25:24.443Z","","Invalid public key input"
"691f5a30dfc0d8f249f2d9d3","","fk4pbgonnnu6ubayfbzeqqehdnyot22u4dgehnxudkqv","","ERROR","UNKNOWN","NO","","","","2025-11-20T18:13:04.913Z","","Invalid public key input"
"696e5ffa6445f536be3dbf41","","fmm8cfknds3upuk31p3mlhhmz1b266mgyvv8bbyhri8r","FMM8CfKnDs3uPuK31p3mLHhmZ1B266MGYvv8BByHri8r","ERROR","UNKNOWN","NO","","","","2026-01-19T16:46:50.022Z","","Invalid public key input"
"6951db45ec9d0ba318fd1b46","","fncyenoe8wtwdgetcxuhhasyzd4amdfflurg4mukyjaj","","ERROR","UNKNOWN","NO","","","","2025-12-29T01:37:09.289Z","","Non-base58 character"
"69136b771b4843e11fe80176","","focnvffa5czpz4vdnvndbxyeqlveimyphvkcvy6sle66","","ERROR","UNKNOWN","NO","","","","2025-11-11T16:59:35.319Z","","Non-base58 character"
"6975ba2ed6fbe04d68ef1c00","","fs7wdh36wayccu5qgphequtatfzjdsa9lvjjfxcvwdjh","FS7WDH36wayccU5QgPheQutaTfzJdsa9LvJJfXcvWDjH","ERROR","UNKNOWN","NO","","","","2026-01-25T06:37:34.570Z","","Invalid public key input"
"6932ca2fdfc0d8f249b6e620","","fsdshbzezeae2tzymk8bzedpqt6efwg7yalnvm6hnylx","FsdshbzEzEaE2tzyMK8bZEDpqt6efwG7YaLnvm6HnYLx","ERROR","UNKNOWN","NO","","","","2025-12-05T12:03:59.949Z","2026-01-25T01:50:42.326Z","Invalid public key input"
"6913c0dc1b4843e11fec7a30","","fskcogw6s25cpqfkrakjgrfyb6gstnuzmzqhdxfi5k1e","","ERROR","UNKNOWN","NO","","","","2025-11-11T23:03:56.868Z","","Invalid public key input"
"6932711bdfc0d8f249b43e86","","fubrmgmbd4yq4wcvtf1aj2qt8edsy8mh2fprte6f7r2e","","ERROR","UNKNOWN","NO","","","","2025-12-05T05:43:55.838Z","2025-12-05T05:45:26.936Z","Invalid public key input"
"69224f2fdfc0d8f24913e5a5","","fugtowla1mmdmrweattfetwm34fkfvc2ddsw5y4wqfyk","","ERROR","UNKNOWN","NO","","","","2025-11-23T00:02:55.304Z","","Non-base58 character"
"6919c1fa5e8b88c83e76080a","","fvbpsy2pq9prmhdgbgu3xyqzme9pepktf1onuzys1sky","","ERROR","UNKNOWN","NO","","","","2025-11-16T12:22:18.187Z","2025-11-29T22:35:33.977Z","Invalid public key input"
"69778629dd20efc0d203a4b9","","fvv3kkm73mmecwsnlzvuv5d5vltbycjf2eqa7mgxckzn","FVv3kkm73mMecWSnLZvuv5d5vLTBYcjF2eQa7MGxckzN","ERROR","UNKNOWN","NO","","","","2026-01-26T15:20:09.828Z","","Invalid public key input"
"696fbbe1954b2634be6a66c9","","fw4asnkqbgrw8yjwevg6vmxtxzsouubgfylzvsgacsyt","Fw4AsnkqbGRW8YjweVg6vmXtXzsouubGfYLZvSgACsyt","ERROR","UNKNOWN","NO","","","","2026-01-20T17:31:13.190Z","","Invalid public key input"
"6951a6bfec9d0ba318fae52c","","fx1pqrjgjxwsay3h98jboraziscxcx1m837kswx2dgmm","","ERROR","UNKNOWN","NO","","","","2025-12-28T21:53:03.352Z","","Invalid public key input"
"69512059ec9d0ba318f7efb1","","fymjqezbp1652aryjkvpmm1tab8m1xfsdjqhhywplogu","","ERROR","UNKNOWN","NO","","","","2025-12-28T12:19:37.227Z","","Non-base58 character"
"693c2d13d9436d5cf96a483e","","fzha1kysorzno4qnunqbwj9wx7emnfvm7u1ypv7xq5ar","","ERROR","UNKNOWN","NO","","","","2025-12-12T14:56:19.897Z","","Invalid public key input"
"6950fdf0ec9d0ba318f741a5","","g1bjdoqotk6tzc7elzhjqkazyd8wdq7lewe6akdmtomi","","ERROR","UNKNOWN","NO","","","","2025-12-28T09:52:48.872Z","","Non-base58 character"
"694f2209ec9d0ba318eca539","","g4i7z8jvmqqkqjzhfpz24fnakdptic1htzt9bbyw1n6t","","ERROR","UNKNOWN","NO","","","","2025-12-27T00:02:17.492Z","2026-01-03T23:44:30.846Z","Invalid public key input"
"693ff2c40e01c091ab581d00","","g5bwc5gdqur583obahdqykrzwa29kux1hctzy5jp3byz","G5bWC5gDqur583obAhDQyKrZWa29KUx1hctzY5jP3bYZ","ERROR","UNKNOWN","NO","","","","2025-12-15T11:36:36.945Z","2026-01-23T18:01:36.231Z","Invalid public key input"
"691dfdf9dfc0d8f249e1cffc","","g5jw7nwrj8zhmxbivevgpbyscebha9jcaqwsaunj1fw6","G5jw7nWrJ8ZhMxbiVevgPByScEbHa9jCAqwSAUnj1fw6","ERROR","UNKNOWN","NO","","","","2025-11-19T17:27:21.542Z","2026-01-24T00:21:26.455Z","Invalid public key input"
"693b09f5ac1b07bae381517e","","gawsph4axysn3dwogt2bfzqt244yq6lbqajhb8qan6xu","","ERROR","UNKNOWN","NO","","","","2025-12-11T18:14:13.268Z","2025-12-29T22:01:34.228Z","Non-base58 character"
"6924fa89dfc0d8f2492fa2ef","","gbbcbxofxdzj5afvxtbwxyx7mcmcjyp7viqij2d9srfi","","ERROR","UNKNOWN","NO","","","","2025-11-25T00:38:33.402Z","2025-12-30T12:00:17.174Z","Invalid public key input"
"691369581b4843e11fe7e8c1","","gccvv7vppqe3n4nztudb4hkqw1cxhyj9chlt46nrmprq","","ERROR","UNKNOWN","NO","","","","2025-11-11T16:50:32.946Z","","Non-base58 character"
"6918abad87db997e9d68aa0d","","gcv7qgiovgm9xpvekqnbskpb9thxi2grahmffulxb7av","","ERROR","UNKNOWN","NO","","","","2025-11-15T16:34:53.280Z","","Non-base58 character"
"692034fadfc0d8f249fd1f77","","gdx1evtemudn7k1sygin8r49jmgmshuvhctvx3pls4cp","","ERROR","UNKNOWN","NO","","","","2025-11-21T09:46:34.140Z","","Non-base58 character"
"69243c5fdfc0d8f24926f5dd","","gefcwhqpbkfwmpbwqmazymt5yccckxevj84bmvtryhzk","GEFcWhQpbkFWmPbwQmazYmT5YCccKXeVj84bMVtrYHzk","ERROR","UNKNOWN","NO","","","","2025-11-24T11:07:11.122Z","2026-02-06T20:01:20.495Z","Invalid public key input"
"691364e31b4843e11fe7acbd","","gge1sc5nhb19rf9vd7rbqmj5p2ry15m2sw8qfdht3kml","","ERROR","UNKNOWN","NO","","","","2025-11-11T16:31:31.190Z","","Non-base58 character"
"692442fbdfc0d8f249272413","","ghk8wv9pfx4ljvs7djj6afqmin5gsx6z4szumvccu8gx","","ERROR","UNKNOWN","NO","","","","2025-11-24T11:35:23.090Z","","Non-base58 character"
"6913b83a1b4843e11fec1e68","","gjj5qnlgh6bwxrehkfkde3cbtuoyycc5ch7ruhzhxp3i","","ERROR","UNKNOWN","NO","","","","2025-11-11T22:27:06.897Z","","Non-base58 character"
"696137db06e46c6fa47263ed","","gjn8ddkckzhptnasj31xwtzfcwpznj93ea1ttcm59xih","GjN8DDKcKZHPTNAsj31xwTZFCWpZNj93Ea1TtCM59xih","ERROR","UNKNOWN","NO","","","","2026-01-09T17:16:11.802Z","","Invalid public key input"
"6955915a29be69df5771da16","","gk5sx2gyanostv3hwdnv1rz546aw7vgwtb6x12gx8txr","","ERROR","UNKNOWN","NO","","","","2025-12-31T21:10:50.173Z","","Invalid public key input"
"6977db092db5525ce6ccabc6","","gkqijyryacv9prf8vzgjdyuuhnf9j2pw29j6s4x99kxf","GkqijyRyAcv9PRf8vZgjdyUuhnF9J2pW29J6S4x99KXF","ERROR","UNKNOWN","NO","","","","2026-01-26T21:22:17.686Z","","Invalid public key input"
"691f8888dfc0d8f249f4d011","","gnfk4pbx946mqhpyw7h6mf6ekk8d5fy6jxw3narmegxu","","ERROR","UNKNOWN","NO","","","","2025-11-20T21:30:48.746Z","","Invalid public key input"
"694964726d9750783636f98e","","gnurcpjgcqrfr6w1hfpc5knyft1q7aux6yuxkh26ctxr","","ERROR","UNKNOWN","NO","","","","2025-12-22T15:32:02.566Z","","Invalid public key input"
"6966d2bacf874c027a72c07b","","gptyzblawwvq7xmkquec9at1wbp17uyvjbdjlascgadf","GptYzBLawwvq7xMkQUEC9aT1wbp17UyVjBDJLASCGAdF","ERROR","UNKNOWN","NO","","","","2026-01-13T23:18:18.161Z","","Invalid public key input"
"691ea476dfc0d8f249e9f1d5","","grdjheaecvytysjacs64yrbkzhshibvweboqgz8movvo","","ERROR","UNKNOWN","NO","","","","2025-11-20T05:17:42.517Z","","Invalid public key input"
"6977de722db5525ce6ccfbea","","gshuv8sjknxtc5ebgezub1xklcij5ze3kdvqonbhaykl","GShUv8sjkNXTC5EbGEZUb1XkLcij5ze3KdVQoNBHaYkL","ERROR","UNKNOWN","NO","","","","2026-01-26T21:36:50.348Z","2026-02-03T21:14:16.751Z","Invalid public key input"
"694a0cf29557ec7aed7d153c","","gspquvpt1vjuqfchbanmnph5cfkzgrvb957w23w8pgdm","","ERROR","UNKNOWN","NO","","","","2025-12-23T03:30:58.143Z","","Invalid public key input"
"6954b30829be69df576cc402","","gtxvvaevyqif9nusztdgshcftvdhcdfkizc1mx9n3ozy","","ERROR","UNKNOWN","NO","","","","2025-12-31T05:22:16.560Z","","Invalid public key input"
"6913908a1b4843e11fe9f514","","guijv33dc8cvjqlcevf5xs39kvvlbzs7upxa95qketus","","ERROR","UNKNOWN","NO","","","","2025-11-11T19:37:46.129Z","","Non-base58 character"
"691f22b0dfc0d8f249ef003e","","gumc3z1vi8pmakw5mqcmkbvr8uzf3g8v3qhckpj5ca7q","","ERROR","UNKNOWN","NO","","","","2025-11-20T14:16:16.962Z","","Invalid public key input"
"696d46666445f536be32171f","","gvx8lqxsjguuey1uwvjjxix6xzs1eqkp8a5hc1d3uokj","GVx8LqxsjGuUeY1UwvJJxix6XZs1Eqkp8a5Hc1D3UokJ","ERROR","UNKNOWN","NO","","","","2026-01-18T20:45:26.746Z","","Invalid public key input"
"69137b721b4843e11fe8d691","","gwt8ywsm61qwegvhln2lenymbgpvmw2wsyazqzjfxt7j","","ERROR","UNKNOWN","NO","","","","2025-11-11T18:07:46.911Z","","Non-base58 character"
"6978a9d42db5525ce6d93d78","","gwy915ghcv6hdwdyvv9gr3qbu6gxwlbuepccmdo8feu8","Gwy915GhCv6hDwDYvV9GR3Qbu6GXWLbuepCcmdo8FeU8","ERROR","UNKNOWN","YES","","tong","","2026-01-27T12:04:36.885Z","2026-02-05T22:29:41.426Z","Invalid public key input"
"694b170f7ebab971c9e2dd6c","","gyyyadstnmcpqc8qrnnqehs8htnmhfdnzr36z9hqunax","GyyYadSTnmcPqc8qRNnQEHS8hTNMhFdNzR36Z9HqUnAx","ERROR","UNKNOWN","NO","","","","2025-12-23T22:26:23.380Z","2026-01-26T08:17:12.615Z","Invalid public key input"
"697110525740955463db770b","","gzxljxpkpzsgkuu3hjenujykb1en3hgjgzgts3kckivt","GzxLJxpkPzSgKuU3hjEnUJYKB1En3HgJgzgtS3kckivt","ERROR","UNKNOWN","NO","","","","2026-01-21T17:43:46.874Z","2026-02-02T13:17:18.487Z","Invalid public key input"
"695463c129be69df576a0437","","h3qpzwut3pzvj5agzl1x8ctn5prwun1i77agm1ypp6xa","","ERROR","UNKNOWN","NO","","","","2025-12-30T23:44:01.080Z","","Non-base58 character"
"69740068a2f776a0ccadb283","","habwuodwfaddervkmyro5nk4hyb2zltypp8b4qnzxt3f","HAbWUoDWfADdERVkMyRo5nk4hYb2ZLTYPP8B4qNZXT3f","ERROR","UNKNOWN","NO","","","","2026-01-23T23:12:40.578Z","","Invalid public key input"
"697b53ed25a35926041cf26d","","hai2mwngkxtqhaeyjyzkta4qjcrzjk4i2yaxkamxe9jh","Hai2MwNGkXTqhaeyJYzKtA4QJCrZJK4i2yAXkamxe9Jh","ERROR","UNKNOWN","NO","","","","2026-01-29T12:34:53.991Z","2026-01-29T12:36:59.384Z","Invalid public key input"
"68d96124638ae5402694bba6","","hbwstnzb2f2vnfp5ghbsinhqih3r7teqr3hasokw36cr","","ERROR","UNKNOWN","NO","","","","2025-09-28T16:24:04.421Z","","Invalid public key input"
"690b73ead4f37e442c1b446c","","hcrrzbt3dftuni7syned4jlrzvqbgxjva1bphxnstqx7","","ERROR","UNKNOWN","NO","","","","2025-11-05T15:57:30.450Z","","Non-base58 character"
"6913c75b1b4843e11fecbd4e","","hehvmdkwt2ryc8e1pliwvrdloiczrhbcf8fbezz1rqko","","ERROR","UNKNOWN","NO","","","","2025-11-11T23:31:39.981Z","","Non-base58 character"
"69135fed1b4843e11fe75e35","","hinvnrt2kuhw6cfz8fygezqpawuvfgddwpn7qwjfente","","ERROR","UNKNOWN","NO","","","","2025-11-11T16:10:21.095Z","2025-11-26T16:54:11.699Z","Invalid public key input"
"6973b971a2f776a0ccaaf7ee","","hj1egd261okhyidtlyx3hjdtthfudbqfnvivp8txatjq","HJ1EGd261okhyidtLyX3hJDttHfudbQfnVivP8tXatjQ","ERROR","UNKNOWN","NO","","","","2026-01-23T18:09:53.503Z","2026-01-29T13:24:13.227Z","Invalid public key input"
"698301ffa54a209b24b165d2","","hktxfm9hbjihniwgd9bs6qct4wnqncih1av8d7spmp6t","HkTxFm9HBjiHniWGD9Bs6qcT4WnqNcih1av8d7sPmP6T","ERROR","UNKNOWN","NO","","","","2026-02-04T08:23:27.565Z","","Invalid public key input"
"696dc2f26445f536be37e53e","","hnz1bn44cizutrpemscce2eunh6wrcd59b55q6esaqfq","HnZ1Bn44CizuTRpemScCE2eUnh6WrCD59b55q6eSAQfQ","ERROR","UNKNOWN","NO","","","","2026-01-19T05:36:50.579Z","","Invalid public key input"
"696e418e6445f536be3c824d","","hocg1m6gn6afmvn1xopwusdwvqebyskueu6s8bxeozqn","HoCg1M6Gn6aFmvn1XopwusDWvQebysKueu6S8bxEoZqN","ERROR","UNKNOWN","NO","","","","2026-01-19T14:37:02.506Z","2026-01-20T18:33:08.246Z","Invalid public key input"
"693d1bced9436d5cf96a9587","","hpxrzazdrvgamb7m4ivgsg43jyqdzayvc9pv6hm7914h","","ERROR","UNKNOWN","NO","","","","2025-12-13T07:54:54.719Z","","Invalid public key input"
"68cab353032b50108ff0947d","","hqmsmtxzuymb5o383itnccakff4f2azwuy4uzbuufcbg","","ERROR","UNKNOWN","NO","","","","2025-09-17T13:10:43.080Z","2025-10-31T08:33:08.578Z","Invalid public key input"
"694600576d975078361ec321","","hr337zuqwrhhbiheqbukn9sks1ubt55yfmytnqacw6ur","","ERROR","UNKNOWN","NO","","","","2025-12-20T01:48:07.577Z","","Invalid public key input"
"69549ccb29be69df576c3874","","hrcuqjdohdzpp6d5zcb4dbsjttjvq2eblybxormnzuu4","","ERROR","UNKNOWN","NO","","","","2025-12-31T03:47:23.632Z","","Non-base58 character"
"696db6656445f536be3773d9","","hsxx32vxwyir3lxq7umtberx88xot7hzqfussdg8lcxl","HSxx32vxWyiR3LxQ7uMTbErX88xot7hZqfUssDg8LCXL","ERROR","UNKNOWN","YES","Get_04","@TEG","","2026-01-19T04:43:17.273Z","2026-01-31T09:23:32.060Z","Invalid public key input"
"6949830a6d9750783637e4c0","","htpsz8jdssyx5spxtv6bgnbmyqrlqvoujbxjijqa9yx8","","ERROR","UNKNOWN","NO","","","","2025-12-22T17:42:34.693Z","","Non-base58 character"
"68e93bea14dd7b3bca3d8e24","","hupvhgvvrixghkegqpj7vxer6b2xyc1slyfgx5k1ya5p","","ERROR","UNKNOWN","NO","","","","2025-10-10T17:01:30.195Z","","Non-base58 character"
"6946de726d975078362444fd","","huxjl49ekfmk58ytetu8dhs172r6v3fyhaagek54ryk5","","ERROR","UNKNOWN","NO","","","","2025-12-20T17:35:46.142Z","","Non-base58 character"
"6979e2c611a8b23a3dcd023f","","hvqrink2lnwqdaju2kyvprakw5b82vuxtszvhrjp3qdy","HvQRiNk2LnWQDAJU2KyVPraKw5B82VuxTSzvhRJP3QdY","ERROR","UNKNOWN","NO","","","","2026-01-28T10:19:50.370Z","","Invalid public key input"
"69197cce5e8b88c83e75f5fd","","hwkck651wj2wf9yzhgwvowptfifk9vxmv4nirvofqt4r","","ERROR","UNKNOWN","NO","","","","2025-11-16T07:27:10.133Z","","Invalid public key input"
"6913671f1b4843e11fe7ce0a","","hwnfmdzzwoawvtry5y6kxni3yajya7pjhcxz9ussvmxd","","ERROR","UNKNOWN","NO","","","","2025-11-11T16:41:03.441Z","","Invalid public key input"
"68f90a7823e988b3b5c2d797","","hx1ekmwegfmq65e4fx5n2m4jmjhzvoq15ir8ypfipjbk","","ERROR","UNKNOWN","NO","","","","2025-10-22T16:46:48.709Z","","Invalid public key input"
"6919bc155e8b88c83e760580","","hygmrjjeinzgqh4iowprutu2q5hpumkdzvfqlzj3rmxk","","ERROR","UNKNOWN","NO","","","","2025-11-16T11:57:09.399Z","2025-12-17T15:35:27.182Z","Non-base58 character"
"69156f7b3ab2d851389b092c","","hzkfqv4jbqjqptlgvqn4hey2drvyj2mws1e3snij6ouv","","ERROR","UNKNOWN","NO","","","","2025-11-13T05:41:15.964Z","","Non-base58 character"
"697848942db5525ce6d498d8","","hzu3bgwn7yfzd3mgrarvzmf4ysu1wnpc3bvd6fe37x8h","Hzu3bGwN7YFZd3mGRARVzmF4YsU1WnpC3bvD6fE37X8h","ERROR","UNKNOWN","NO","","","","2026-01-27T05:09:40.610Z","","Invalid public key input"
"6961243406e46c6fa471bf30","","iccjb2zcpwt6vvkk4q61n4x7sfea97pyhmuvtbwfxqe","iCCjB2zcpWt6vvkk4q61N4x7SFea97PYHMuvTbWfXqE","ERROR","UNKNOWN","NO","","","","2026-01-09T15:52:20.949Z","2026-01-13T07:47:37.931Z","Invalid public key input"
"694979ba6d9750783637950a","","ikecl4xkbnzxnu3rrcxb6v1yw5stc4axv1r3gx2ju7l","","ERROR","UNKNOWN","NO","","","","2025-12-22T17:02:50.211Z","","Non-base58 character"
"69497b006d97507836379eb9","","iphg5qtzcmixr4td3pbdcgzluylfhfcdgfw5qqad8lv","","ERROR","UNKNOWN","NO","","","","2025-12-22T17:08:16.402Z","","Non-base58 character"
"696e63176445f536be3deb27","","j4g1xyrzn6rk74q6vw1uuqyc8cxdtxzwatzdetx27efw","J4G1xyRZn6rK74q6VW1uuqyC8CxDtXzwAtZDeTX27efw","ERROR","UNKNOWN","NO","","","","2026-01-19T17:00:07.378Z","","Invalid public key input"
"68ef06a90a08ce0c6dd49dc3","","j6fadcbsuwwuts1pnwxnzjghxqexjbx4gj6paq6mmx1u","","ERROR","UNKNOWN","NO","","","","2025-10-15T02:27:53.054Z","","Invalid public key input"
"6978a5cb2db5525ce6d901d7","","j6zagmdtzk9w1rbmghjw4drbywfytnwryhferhfeuo8a","J6ZagmDTZk9W1rBmGhJw4dRByWfYtnWRyHFErHfeUo8a","ERROR","UNKNOWN","NO","","","","2026-01-27T11:47:23.595Z","","Invalid public key input"
"697714a3dd20efc0d2fe5e2a","","jabg3vxgwfk9yhef2xkuvacp3gnxudkmgjypajnw4k3j","JABg3VxGWfK9yheF2xKuVAcP3GNxudKMGjyPAjnW4K3j","ERROR","UNKNOWN","YES","EVOLVE_ZEN","Zen ‚Ä¢ EVOLVE","","2026-01-26T07:15:47.710Z","2026-02-06T22:09:35.426Z","Invalid public key input"
"6913d84e1b4843e11fee4ffc","","jbo26uet2astgafmfxpu6oge4r95nrnx7jqqluspenf3","JBo26UeT2AstgaFMFXPu6oge4r95NrNX7jQqLuSpenF3","ERROR","UNKNOWN","NO","","","","2025-11-12T00:43:58.776Z","2026-01-24T18:07:31.265Z","Invalid public key input"
"695d3c103e8b4ad360d84b5b","","jc4jnwkuspyez6n8mpn2mgvelmxqqzwhccmrtdauqpk2","JC4JnwKUsPyEZ6N8mPn2mGveLmXqQzWhccmrtdaUQPk2","ERROR","UNKNOWN","NO","","","","2026-01-06T16:45:04.305Z","2026-01-30T20:14:15.879Z","Invalid public key input"
"691578113ab2d851389b5a16","","jcthlj7ub3zwkb4q1gbvhkvvxc8zzpkqd1pt3369f1xd","","ERROR","UNKNOWN","NO","","","","2025-11-13T06:17:53.894Z","","Non-base58 character"
"69772791dd20efc0d2ff37a6","","jdwz8zenpnvhw7sru6odjqfcfdhprqwtsrmnrat5trcy","JDWZ8ZENPnVHw7Sru6oDjQFCFdhprQwTSrMNRat5TRCY","ERROR","UNKNOWN","NO","","","","2026-01-26T08:36:33.879Z","2026-01-26T10:08:52.386Z","Invalid public key input"
"691dd3aedfc0d8f249df7102","","kw1f5mxmwpfefqcswxqmysfwwvdpegasq4fm97cdm51","","ERROR","UNKNOWN","NO","","","","2025-11-19T14:26:54.507Z","2026-01-03T23:40:17.641Z","Invalid public key input"
"694f3126ec9d0ba318ecff0b","","lgezuhc8gtkjdscfaxp1c268nqyusfxj1ksqpvmkm4w","","ERROR","UNKNOWN","NO","","","","2025-12-27T01:06:46.667Z","","Non-base58 character"
"69788cdf2db5525ce6d7b9e4","","myzz2fwmgs3exnzsseyuqf1bqjjgyzxsazakfbup5nm","MYZz2fwmgs3exNzSseYuqF1bqjjgYzXsAzAKfbUp5Nm","ERROR","UNKNOWN","NO","","","","2026-01-27T10:01:03.446Z","","Invalid public key input"
"694f6f65ec9d0ba318ee7088","","nmw5pmls6ucs8ishhrfekxkc3bu6zhdk36nujdh75s8","nMW5PMLs6UcS8ishHRFEkxKc3BU6zHDk36NuJDH75s8","ERROR","UNKNOWN","NO","","","","2025-12-27T05:32:21.892Z","2026-01-29T02:49:27.880Z","Invalid public key input"
"6920201edfc0d8f249fc2154","","ohjzdjfrwhfo4ub9zchl4kyqls3vto5cxnwjmfqwacz","","ERROR","UNKNOWN","NO","","","","2025-11-21T08:17:34.164Z","","Non-base58 character"
"691404f51b4843e11ff0999a","","p8xe4qyzb7kspwrsrr9d18xqn4ddb5mn7ykjec24w9q","","ERROR","UNKNOWN","NO","","","","2025-11-12T03:54:29.798Z","","Invalid public key input"
"6978866e2db5525ce6d7689b","","pltjmjhysbwvmocuucdvcm5m4tph8bkq98g82ixusuu","pLtJMJhysBWVMoCuUcdVcM5M4TPH8BKQ98G82ixUsUU","ERROR","UNKNOWN","NO","","","","2026-01-27T09:33:34.687Z","","Invalid public key input"
"690e19e1885eea26872ce53d","","psu8576pcefg1bggn7ts2c7tv5u6dg4r11krcuo2h9u","","ERROR","UNKNOWN","NO","","","","2025-11-07T16:10:09.331Z","","Invalid public key input"
"6915a17ee313c5d02382c190","","ribnbk411lsjnxijb3bgnk9kyd2hnrnqayw57dhdahg","","ERROR","UNKNOWN","NO","","","","2025-11-13T09:14:38.812Z","","Non-base58 character"
"6977d1862db5525ce6cbe733","","s69xhi446dqcczfq7w3mbkc7qymumxrbhk4nzdtzudz","s69XHi446dQcCzFQ7W3MBKc7QYMUmXrBhK4nzDtzudz","ERROR","UNKNOWN","NO","","","","2026-01-26T20:41:42.150Z","2026-01-26T22:18:03.716Z","Invalid public key input"
"6913607c1b4843e11fe765b8","","uba2fl1bysvdqx35apzkrj7xka2otxsq4fdlvsny1a8","","ERROR","UNKNOWN","NO","","","","2025-11-11T16:12:44.084Z","2025-11-23T10:22:42.245Z","Non-base58 character"
"6935818917d6b10e14cc4c45","","uhapkbjacsnhaayhkjajqw3x6rvxyt7rqzsuuijgckz","","ERROR","UNKNOWN","NO","","","","2025-12-07T13:30:49.429Z","","Invalid public key input"
"6913a0351b4843e11feadfd7","","uxfhesz8tpg7yhgnwsgiwjxubwupcx6ywbkzlx4parv","","ERROR","UNKNOWN","NO","","","","2025-11-11T20:44:37.297Z","","Non-base58 character"
"68e1ce9117170b810d674a20","","vp5qswyukuvk7kg8dzfvjnnjvi5bnuyhuwczqddvxa2","","ERROR","UNKNOWN","NO","","","","2025-10-05T01:49:05.790Z","","Invalid public key input"
"6913e5e21b4843e11fef19b1","","wprvh43ulr2saqeh6ccefnxuyltjajcqzsccjdg14k7","wprvh43uLr2sAqEh6cceFnXUYLTJaJCqZscCjdG14k7","ERROR","UNKNOWN","NO","","","","2025-11-12T01:41:54.885Z","2026-01-27T02:15:09.654Z","Invalid public key input"
"69768eccdd20efc0d2f6315f","","wxtcjxqjyx6kbpmssjk7yra9d8hkca36rjxqjdignst","WxtcJXqJYx6KbpMSsjK7yRA9d8hkcA36RjXQjdignST","ERROR","UNKNOWN","NO","","","","2026-01-25T21:44:44.782Z","","Invalid public key input"
"6977c8e62db5525ce6cb377d","","x1ncemvnsajzyy4dr2ml8f2xf7vhvw4gxagnsgjhn3v","x1NcEmVNsAjzyy4DR2ML8f2Xf7vhVw4gxaGNSGJHN3V","ERROR","UNKNOWN","NO","","","","2026-01-26T20:04:54.267Z","","Invalid public key input"
"6977bb312db5525ce6ca32d7","","xlgum6eqo3yebxndwsn6cbwf8nbw8a2oku5skmx2ljr","XLGUM6Eqo3yEBXNdWsn6cbWf8NBW8A2oKu5skmx2LJR","ERROR","UNKNOWN","NO","","","","2026-01-26T19:06:25.231Z","","Invalid public key input"
"696d0f81fc9e5ea68e14fe0d","","zjjiygbfgvv9ep6ybo2nfjmnew2fbyr4kwefpfx2ydp","ZJJiYGBfgvv9eP6YBo2NfjmnEw2fByr4KWeFPfx2YdP","ERROR","UNKNOWN","NO","","","","2026-01-18T16:51:13.654Z","","Invalid public key input"
"69148fc861a6371e88b94f91","","zqjjhqx5fpxvefkldx1hyqxxhg9hh8e1xdhmwkjgpge","","ERROR","UNKNOWN","NO","","","","2025-11-12T13:46:48.506Z","","Non-base58 character"