signature,wallet,type,tokenIn,tokenOut,amountIn,amountOut,timestamp,confidence
3YmvripowKbZMowiwmP3odCoUwz5DENbQmTdDBjRzeZBWQ7DzZrwRcjPGDYw6Ph7pMWfAefqvtTk9Qde6qGoueDz,AEeJUPCiGR3yCoukTh1G58o4LYsUEyzrXtfmfMc2kJMX,BUY,SOL,AWpD...doge,1.000705,42575.338424417,2026-02-17T21:58:18.000Z,100
4LZgi3T9xQAfStcEqvoZpqMVX2zPd8EEGWXecy3HnN6ftwqG7G9ZoC1wcXmuZ4n3ZSjiGJspfhP88oXAdTjuGbXZ,5sNnKuWKUtZkdC1eFNyqz3XHpNoCRQ1D1DfHcNHMV7gn,BUY,SOL,EMdW...BZVh,0.075131983,533633.745418,2026-02-17T21:58:47.000Z,100
4VQMSJfq9FuE1Zv8RuPR1nA8ygZxC86okWSJZ8NMVUdyMVR4hk9uvrMitNe2jzyg7VxZcoRzoHTnt5VFmL4biCdr,BCagckXeMChUKrHEd6fKFA1uiWDtcmCXMsqaheLiUPJd,BUY,SOL,9QaL...98b8,1.3783920390000002,24611238.325293,2026-02-17T21:58:52.000Z,100
j78vyDeVhF1Ffok1LK87cqYBHdmKCitA5JsXRqkoDFwxgwCrf3kRQeimfwM5R8QnfqoGd7zKBzsaTuuWPz7xbH4,HugksxcSGZnhfTuLuwnP38E94FX3HjWZfiNjiXSdx6Yh,BUY,SOL,9QaL...98b8,3.4998287959999996,49503695.053233,2026-02-17T21:58:52.000Z,100
3RC1hCUPvGFPwb8uTjucS1XbUZKH4adgzLZfjhwQ3dfNYr5HVTDRwQr6AnZcHkjrinHNzDT67CrcmwcNKxckSQjB,BCagckXeMChUKrHEd6fKFA1uiWDtcmCXMsqaheLiUPJd,BUY,SOL,9QaL...98b8,0.051485617,772433.333501,2026-02-17T21:58:54.000Z,100
5X6332tmW4aNu7YAioynWtaTpRBjtQzJMesBe34KqNjL6b993ymLV1v8Mee38QbgTCoGZHSKtJtzUjG6WwHK4ZXY,BCagckXeMChUKrHEd6fKFA1uiWDtcmCXMsqaheLiUPJd,BUY,SOL,9QaL...98b8,0.050761903,759957.642458,2026-02-17T21:58:54.000Z,100
4SYaeFw1FH8mYgfktnZrZpEuNUUsP7nqQAGQS255yDsodVx475ULPh5p5EQHYry9Q6k5kVbVGadQWzqugu3cT7KQ,HugksxcSGZnhfTuLuwnP38E94FX3HjWZfiNjiXSdx6Yh,SELL,9QaL...98b8,SOL,24751847.5266,0.959595247,2026-02-17T21:58:56.000Z,100
LtygK8QAuVV4iGtWzRZ6kYSLFS4QnzRSR1wzhy32314jnWqHqTEwK4oGL63dDYMQfLjJJr1ATjN6Ptr9s4GHHun,2fg5QD1eD7rzNNCsvnhmXFm5hqNgwTTG8p7kQ6f3rx6f,SELL,5R6U...KZFN,SOL,2301491.991386,9.815789234,2026-02-17T21:58:58.000Z,100
5s19cWgBpmS1CnV9ustT5fQRzJPPVtrP9gn8AR8v5wgnZDEdnnguJ7WpG5wJbuaSeJi4ywPC22coC1G88hTD2Cg5,HugksxcSGZnhfTuLuwnP38E94FX3HjWZfiNjiXSdx6Yh,SELL,9QaL...98b8,SOL,9900739.01064,0.36453759900000005,2026-02-17T21:58:58.000Z,100
28VG564Vu4VdAc4VUnZmRk2FTw4DRbUuWMVgBuLrTNccuYcHBTah6Ac3uyrdQ2wvB4iqMP74MzDGTpoZvioSxSfz,HugksxcSGZnhfTuLuwnP38E94FX3HjWZfiNjiXSdx6Yh,SELL,9QaL...98b8,SOL,9900739.01064,0.295997493,2026-02-17T21:59:00.000Z,100
2LCZjtZ1ujSXdCuSQxoNbNEE3zdKFGbxj2ofpMge2GaKCKRzjdMEeDYzGMHhtdjtBzndCNX5uAnqoByMMFPVfKW6,BCagckXeMChUKrHEd6fKFA1uiWDtcmCXMsqaheLiUPJd,SELL,9QaL...98b8,SOL,26143629.301252,0.799605818,2026-02-17T21:58:59.000Z,100
27M33B4uj3a6PYzF3mT2qVi6Tf9RN9SC4AErwEBsMPRKx64yz3DxkrkexHeAm61xhPdLVEYxJS4q8K5LNWAxJWGM,GAH2TKPtu7HSpbCkBMANPCDBSSaRFeSwoScfFRVF7oHa,SELL,FtVM...pump,SOL,34194478.765574,1.2912950120000002,2026-02-17T21:59:04.000Z,100
5QGpLqkdJmzeKMoNF56RS3BP64BxYPxkaneraKkrM1V5c51WyL81A8JnmGjpZYB8HqSEkWunufvYgnTdWTHvaCgv,2fg5QD1eD7rzNNCsvnhmXFm5hqNgwTTG8p7kQ6f3rx6f,BUY,SOL,EMdW...BZVh,2.664474127,12206583.912408,2026-02-17T21:59:14.000Z,100
5omLof7SkAos4qQiyX8QZxR4Aw6AVJuQXrXfzGVBFczXKSmrqJtetb2h369qYYtvCF2riivbC9eZJ2emMNf74S3w,2fg5QD1eD7rzNNCsvnhmXFm5hqNgwTTG8p7kQ6f3rx6f,BUY,SOL,EMdW...BZVh,0.242680763,824454.172224,2026-02-17T21:59:17.000Z,100
36xtrWsJop9TPeRXgUvEdqG8ShRAJHnJQaCX5w6YYFPMsCDFBu59HbZvrq6REsPTwmJLPsQihpciyEBkyMCieRia,DYAn4XpAkN5mhiXkRB7dGq4Jadnx6XYgu8L5b3WGhbrt,SELL,4yDS...pump,SOL,23685716.773721,5.376429957,2026-02-17T21:59:24.000Z,100
2YKbcjvXtx4ZT1b8t4cBbvH6NWEh2ydrj3L9gqpUYwubwyvu5LVoEmBDRjPjFDXMFwTzniynSM2KQ91xWCcspaHr,2fg5QD1eD7rzNNCsvnhmXFm5hqNgwTTG8p7kQ6f3rx6f,BUY,SOL,EMdW...BZVh,0.23834752,811610.182805,2026-02-17T21:59:17.000Z,100
2XJ7mqx3ELu5BV5pn2pHUFoJP6KaA6PY7pyRcgqpPCRHE17CXaNkPVWhqUcGe5nH5MNJ1vxXgHrRgtMgTWy7zw52,2fg5QD1eD7rzNNCsvnhmXFm5hqNgwTTG8p7kQ6f3rx6f,BUY,SOL,EMdW...BZVh,0.269982313,799831.763701,2026-02-17T21:59:36.000Z,100
5zqTo2FJzAX7odeZfS1zBiC6zmgEq5Mk5ypAzpzAy396naKruNBcEoCzFQbnDYtvWbAcbxgfKFiWXmaeZX3p7UxX,G2mgnzpr59vYjKpwU9q5zVfS9yQ9HezMwjuqF7LACvR4,BUY,SOL,BysD...pump,2.204083125,23678410.730477,2026-02-17T21:59:55.000Z,100
4He5YMrH1WrLotNb1pNgXE2aqM7xqVyZZLoafuYa6xiaVnBe4E3PkqXsKsTF5gPkqTdfxTHqBNusFtsYxgfgyrNm,2fg5QD1eD7rzNNCsvnhmXFm5hqNgwTTG8p7kQ6f3rx6f,BUY,SOL,EMdW...BZVh,0.26514588499999997,821607.854667,2026-02-17T21:59:55.000Z,100
4ASRs7HQKeCv6MvdwsQpKAxUVFSNK6Qc2LamR8BP16HUzfosE3grPFs7Bg122Ru2fz7ixmTvk2biQboVVE7E4AeM,2fg5QD1eD7rzNNCsvnhmXFm5hqNgwTTG8p7kQ6f3rx6f,BUY,SOL,EMdW...BZVh,0.24663543500000001,749941.672194,2026-02-17T21:59:55.000Z,100
63mCDWMPAeGk39zugmW6ebzanZRLpRJ9xiZtqHPvs8JfqWScJrudfffudUJDFDhn2HpCfghv4ppqBatfrqA75oeJ,AEeJUPCiGR3yCoukTh1G58o4LYsUEyzrXtfmfMc2kJMX,BUY,SOL,AWpD...doge,1.000705,40895.062867158,2026-02-17T22:00:00.000Z,100
22iNU7yjTyKP14ZZBXDzL5hEWu9g4hwoEooua1oZwwYqCRi9soHSmBDrDq4gZKWWK8WDhwv9FYUdr8ryosMoxXUz,2fg5QD1eD7rzNNCsvnhmXFm5hqNgwTTG8p7kQ6f3rx6f,SELL,EMdW...BZVh,SOL,16214029.557999,2.04733974,2026-02-17T22:00:13.000Z,100
3KWNhJTvSGK61wgxejMufkNNRBwr914jk6Rk8ugFj9fP7mv88Af7QDsGUL9sLzK7ggnCAGTgVB513eY9GWUFakBG,AEeJUPCiGR3yCoukTh1G58o4LYsUEyzrXtfmfMc2kJMX,BUY,SOL,AWpD...doge,1.000705,37674.564534726,2026-02-17T22:00:18.000Z,100
2wuzkHVp2fPXCxTA3RAM7msx54NdtRF52ijRmw4qErQojoDujYkVQqTeD4nxcTvszTmug72TGhDjZ3hCp9KJAPMi,J6TDXvarvpBdPXTaTU8eJbtso1PUCYKGkVtMKUUY8iEa,BUY,SOL,9pW7...pump,2.053005001,27702086.588173,2026-02-17T22:00:19.000Z,100
4CpAiZzkak6xPSXjeAnsVEFKuWPFEmHhZEVhTuNfoZaaTXJJQxvsccvEsYDRRbLs91XRzSatK1VJfbFAzuHjnbzp,AibscSrgezxHBLtz2sDU7KNofzi8Dqy1eNnKe1aor47w,BUY,SOL,9pW7...pump,13.838517752000001,129557710.64121,2026-02-17T22:00:19.000Z,100
3sMjLPhf9S9eu9XMTEhYWZ6JwLVBrZsiW8VMje2kjC8VPHpbeqnjhPr4MAvbYvu7pHRLwdanafk4HxzEW2jnLPrH,3qH2pfLJa1ro4atxX5dpp4ieNWPtBPzDm6DaGHETM7S1,BUY,SOL,9pW7...pump,5.172014933,39653908.527291,2026-02-17T22:00:19.000Z,100
3Ho8usbpDkBVFW1nZnKCmzprQEVZGmor8RZNyevyVJcmfuxj85SPSDLdLLEu1MvFtQoFYfm1QoyoHPfa4n18jgpk,G2mgnzpr59vYjKpwU9q5zVfS9yQ9HezMwjuqF7LACvR4,BUY,SOL,BysD...pump,0.667786251,10140286.549866,2026-02-17T22:00:24.000Z,100
3BMEE31Hu9BFS7u4Mb3bPXtgpXMq2AK8BUn1oc3KKa6YdkKtwuZTbGd679BjNxCTYioWCxDrj57f4oAz6GdmFAze,GAH2TKPtu7HSpbCkBMANPCDBSSaRFeSwoScfFRVF7oHa,BUY,SOL,4NbL...dBcd,2.0170049999999997,468266.898404,2026-02-17T22:00:24.000Z,100
5YXRQxSV3FNrDbrQ5v6D8pVtSdqy1Wp84ukyF9BwP3VVetNUBQBCHoUU85GxKnvshFVotw3pCxCTYxAbMmAYw3ty,CyaE1VxvBrahnPWkqm5VsdCvyS2QmNht2UFrKJHga54o,BUY,SOL,6qJb...DXoC,3.06047828,84861508.553474,2026-02-17T22:00:27.000Z,100
5vZEnkFxA7TBNqP5UafNk7fWFe2MJv2Dvn8W3NQwG1JbfvKRWq6qzjrm3A3d2wMq5EwaZ3M1eTwhUM1G24EWPW2T,CyaE1VxvBrahnPWkqm5VsdCvyS2QmNht2UFrKJHga54o,BUY,SOL,6qJb...DXoC,0.27000500099999997,3285935.191408,2026-02-17T22:00:27.000Z,100
45Zp7FAujJHbgc4KxKy7K3tptNsNkNxFuJT9JB2ttHNdh8JN8vdXXngu9tMxxDXNukph85KSGk9KhFcJ6q1ViBXq,CyaE1VxvBrahnPWkqm5VsdCvyS2QmNht2UFrKJHga54o,BUY,SOL,6qJb...DXoC,0.27000500099999997,3248480.63208,2026-02-17T22:00:28.000Z,100
5HWups9VA6RRvtJVMPbhy64cZCYUf8pbv4eFRQaHtdZmT9XeqLKgfWTXfcrKe9TJDyRSYYmX2wX45SEsLTD7D9cs,CvNiezB8hofusHCKqu8irJ6t2FKY7VjzpSckofMzk5mB,SELL,HaUX...AHvi,SOL,263483.58139,17.114260894,2026-02-17T22:00:28.000Z,100
3oAYSNJcKCnv7Mvx5kF64YPWxCoBf5FSif8v2GpniNNUxAWBVSJ5MoLsLDV6egGU2FEDqgYhRVdKWvBWKtft3gVs,BCagckXeMChUKrHEd6fKFA1uiWDtcmCXMsqaheLiUPJd,BUY,SOL,5sR5...zeTT,1.460161422,25164388.58555,2026-02-17T22:00:28.000Z,100
6ibRtA8YbGDHuH72uANgvZCsscWD3QTz8HLaQYUKLfGgYRBcR51DmufC1SbvnzV2oWYtWHhYSobZX8qPDdNguyY,CyaE1VxvBrahnPWkqm5VsdCvyS2QmNht2UFrKJHga54o,SELL,6qJb...DXoC,SOL,22036860.93622,1.619996112,2026-02-17T22:00:28.000Z,100
32e2fbsExZHm1NYBcph6S3kKe2hMRnMnCxQP24hDLvWv8hUdHio5BmXTnYaDLXnmAM5MegkMANHyNJtsscWQXbnF,BCagckXeMChUKrHEd6fKFA1uiWDtcmCXMsqaheLiUPJd,BUY,SOL,5sR5...zeTT,1.3313457770000001,17262683.662095,2026-02-17T22:00:28.000Z,100
3Q6eQx8qNLPmprZbuUNFrqwywvGR5w1PrkV1cTjCdxKyLhHf1Rey552b7nredT6BaH85pYmSuCP71NSyN9pF65Ng,CyaE1VxvBrahnPWkqm5VsdCvyS2QmNht2UFrKJHga54o,SELL,6qJb...DXoC,SOL,22036860.93622,1.32156022,2026-02-17T22:00:28.000Z,100
4q6Q8ZJgpeptKG9ErVVFTBU5NKuMe1t3b5drLih9k5uYtETwss2ray2YgRVdewXmmXZo5tGu6VK5pTQ5AEdpF2RT,CvNiezB8hofusHCKqu8irJ6t2FKY7VjzpSckofMzk5mB,SELL,HaUX...AHvi,SOL,213421.700926,13.573252080000001,2026-02-17T22:00:29.000Z,100
5JmQVWvwCeLUQCEUbzbMvxbeJTwvYqZmh3BLCjs3xQTzqfji1r4cHWJekYc6mDXJuopqqT9ZcX422cTwVWfVunyW,CvNiezB8hofusHCKqu8irJ6t2FKY7VjzpSckofMzk5mB,SELL,HaUX...AHvi,SOL,237135.223251,15.14968324,2026-02-17T22:00:28.000Z,100
55EVmU9mXtUCpjsGYoGhgeJzUcstkv2i8uVzThjDYD3Smm7yjxXGbYAtwBQqwDxkyarUuYP2byA9KKQAYJae75uB,CvNiezB8hofusHCKqu8irJ6t2FKY7VjzpSckofMzk5mB,SELL,HaUX...AHvi,SOL,192079.530833,12.104260862,2026-02-17T22:00:30.000Z,100
p3dRzrzrEtHJyza6i97DdxWoujesr4K3nwZMC8vdvSt9jNg8ma6RsDmpgTzpvyDYS1ic1MMFB9VHQnNK7utB9cs,CyaE1VxvBrahnPWkqm5VsdCvyS2QmNht2UFrKJHga54o,SELL,6qJb...DXoC,SOL,47322202.504522,2.010846065,2026-02-17T22:00:30.000Z,100
b4Qj6XTdtDbwnkkeTVpMiT5U9Hj52nSdeis4EfW48J4Fctqbh625CJ7A7Nr6JGyXYWMMfY1KjQEcUqPyBfuY7bf,BCagckXeMChUKrHEd6fKFA1uiWDtcmCXMsqaheLiUPJd,BUY,SOL,5sR5...zeTT,0.053801419999999996,811448.998178,2026-02-17T22:00:30.000Z,100
539NUPcXhKcqWUq2HGkYBAgHkrNP1j8bsw4tkqCpEJAG6VLdYFr8aJgFGj9NQMBTGQak8Ev9wRmF4HvtNU7ZwYPy,BCagckXeMChUKrHEd6fKFA1uiWDtcmCXMsqaheLiUPJd,BUY,SOL,5sR5...zeTT,0.052391952,738507.842853,2026-02-17T22:00:30.000Z,100
3iG9u2d3d88iTwQsXP9iFJvBtQziFzmPDMreAAobifUf4WAFc5v1s79mtR2Nd6whebJHTLn2oHiHQKckPAMBa5gM,CvNiezB8hofusHCKqu8irJ6t2FKY7VjzpSckofMzk5mB,SELL,HaUX...AHvi,SOL,432178.944375,26.597043284,2026-02-17T22:00:31.000Z,100
4tQVCytpWp8jMJDeFU1DKp9NZ7nBqEvgDn4eb8j3z37SfsJRHQ7FJwBnaNVzgshTap6MxL4tGuUM8JCu1Y1syitR,G2mgnzpr59vYjKpwU9q5zVfS9yQ9HezMwjuqF7LACvR4,SELL,BysD...pump,SOL,33818697.280343,1.073420829,2026-02-17T22:00:32.000Z,100
5Y95UBCg9eoex9WE6drxxnTSGVfsjrVAeAdzRgSCm5sWsSgZBFVc9a5o35fVQmLEub3fTP6wVV7HrBGewFEsq6EU,BCagckXeMChUKrHEd6fKFA1uiWDtcmCXMsqaheLiUPJd,SELL,5sR5...zeTT,SOL,43977029.088676,1.921826703,2026-02-17T22:00:32.000Z,100
HSHP5En87SZPcC4fkGZZqADz8kxkc6NyY9kDS2anQsVFJaxPULSnHmWY6fyr6WTTEQWcLB3NTN7uUDTfipwEkTN,CvNiezB8hofusHCKqu8irJ6t2FKY7VjzpSckofMzk5mB,SELL,HaUX...AHvi,SOL,648268.416563,41.212800292000004,2026-02-17T22:00:33.000Z,100
5dPzKdmGXFBhtGurKDqEMJhKQumRKzdZnuxjV3NBQSgyZL2pj8ukiXTAAB5q1KuH9GrK8HWhGN59Z5KQ4zaNFRpi,CvNiezB8hofusHCKqu8irJ6t2FKY7VjzpSckofMzk5mB,SELL,HaUX...AHvi,SOL,648268.416563,38.980137194,2026-02-17T22:00:34.000Z,100
2YphUotwKrCdRxBwxeQyob4JFfuvXdkY5Xz8FNDDFF9drf6Z39JbaHq9Xdj3fntyRchLNXaqWdU8APo1hAzgEWW9,FhsSfTSHok3ryVfyuLSD1t9frc4c1ymyCr3S11Ci718z,BUY,SOL,HaUX...AHvi,5.000204999999999,154041.850567,2026-02-17T22:00:44.000Z,100
3RaUDPfVM9Q5yZDThMz52WXJcoLCyH4SjZBiWYNV4nPj7sSGEFfeCjX96TodGQa6vERCZ4f9bp7Y2HjMKZQjncTh,CvNiezB8hofusHCKqu8irJ6t2FKY7VjzpSckofMzk5mB,BUY,SOL,AWpD...doge,2.8437314700000003,87877.267068279,2026-02-17T22:00:48.000Z,100
4cNUu6r9YaMTsfMmaAs3cdGZ7G1FTCXTCj7x68xGHKbFabQYHyCKhwZaNqGPLrKPFV7BeAUkSfVxrk4AB9c5zV1J,CvNiezB8hofusHCKqu8irJ6t2FKY7VjzpSckofMzk5mB,BUY,SOL,AWpD...doge,2.9210368580000003,84288.972611359,2026-02-17T22:00:50.000Z,100
4sPFRu8j9athHYVhEVVWUqLbC8nb3xbitVRGirk2niAwf82aBiTREJZ2QqTcEXT3mYGQrPXoCinSMLo2aPC2QF7o,CvNiezB8hofusHCKqu8irJ6t2FKY7VjzpSckofMzk5mB,BUY,SOL,AWpD...doge,2.90616076,82972.156664115,2026-02-17T22:00:50.000Z,100
5uzKeWv5uUZC2SsuJeZsdgPQiynAv1LMXtBf41KFuCHM19w4BSWrSSrKX1eK9w8AGKtYiVPLGZSi4LQnSTWBaTGN,CvNiezB8hofusHCKqu8irJ6t2FKY7VjzpSckofMzk5mB,BUY,SOL,AWpD...doge,2.750098254,78304.105206875,2026-02-17T22:00:50.000Z,100
637wgeH9YvKHo9z5gmPtABWBZ93K5PYcwUooFSXnGYQke6LJAba3wSitmVCtuyNYZC2cqnnM5LHJiVYaG3V6B9aC,CvNiezB8hofusHCKqu8irJ6t2FKY7VjzpSckofMzk5mB,BUY,SOL,AWpD...doge,2.809397368,76733.526268984,2026-02-17T22:00:52.000Z,100
8kzUSgghmdzJaJAePQkF7nZPUY34oCBCGnfnJiDRTpwzSq3bYyvPxTuUJjd3uNdPc1aj3RgznptWoufKQU7jJh9,CvNiezB8hofusHCKqu8irJ6t2FKY7VjzpSckofMzk5mB,BUY,SOL,AWpD...doge,2.796643372,76687.375603133,2026-02-17T22:00:52.000Z,100
26uAscaF69ppVaFyb1CXWmH4GKAKx6mExNiBnEFczPgaX6nmxCzMjdUfGhJ5e36iHgaKe7yyuodfdNcHXYUQNdWM,CvNiezB8hofusHCKqu8irJ6t2FKY7VjzpSckofMzk5mB,BUY,SOL,AWpD...doge,2.834988504,77370.640145227,2026-02-17T22:00:52.000Z,100
5QEtWzTqNAdxBZFMzKVRKpmo9Ht9Waxt7GCAY3GFvN4QHGnCmdP7TfP8akm8twaFbdozSYe4DSvKRYXfhjnMyvc3,8deJ9xeUvXSJwicYptA9mHsU2rN2pDx37KWzkDkEXhU6,BUY,SOL,9pW7...pump,3.0300249989999997,80827835.527062,2026-02-17T22:00:58.000Z,100
3uvo5DWAaMCoyJ2jh9Rg5KtQ4tGP6ECRWycMgvudgrdY164KK1DUr9RcHFBu23q8R3dBxaiV19BEqZPPutSM4go9,8deJ9xeUvXSJwicYptA9mHsU2rN2pDx37KWzkDkEXhU6,SELL,9pW7...pump,SOL,80827835.527062,3.434784073,2026-02-17T22:01:08.000Z,100
4kPitHULugDzx5JNFvsR38iLRKKYop7WmmKuZ3DuMHtAr96arhBxCGTn99EkhaCJHVXHxeCJNCAx3C7mdBmS6d8E,CvNiezB8hofusHCKqu8irJ6t2FKY7VjzpSckofMzk5mB,BUY,SOL,AWpD...doge,2.993318212,90883.761256574,2026-02-17T22:01:19.000Z,100
3THD4w3gXfQ3L3DdwwTAJ6zcQmzrSP2xzGjbc7khD7DJsBz75N8q3VG2wMn3EgPAPffT2o9YgSPybMJg18thy2Tg,CvNiezB8hofusHCKqu8irJ6t2FKY7VjzpSckofMzk5mB,BUY,SOL,AWpD...doge,3.208849142,96555.51266165,2026-02-17T22:01:19.000Z,100
jjpnpRDH8Z2wYfX5k8PfKhQPRoAGi77jWcbAMxNdxyg9pairGxxYwJHcpLLuvUyzFbVPiKc2AgRES9aYoaZydeo,CvNiezB8hofusHCKqu8irJ6t2FKY7VjzpSckofMzk5mB,BUY,SOL,AWpD...doge,2.9947593820000002,90220.010165945,2026-02-17T22:01:19.000Z,100
5er1iWDCumJdGDWJL5LcWh13NAVoXCBNwSKYqo79Guxg1fZxucXK1vQJ5xBkb9BxGmBJTXR8cc2Bo1RTa3wrG6Pi,CvNiezB8hofusHCKqu8irJ6t2FKY7VjzpSckofMzk5mB,BUY,SOL,AWpD...doge,2.73699115,81627.710097501,2026-02-17T22:01:19.000Z,100
5bqb3vhsB3EApeiGRQuDMGHs3rfwfHhJGXHFhn1sWQU8iEfwRN2k1W9u6ZTfRULfLLqFsLvjF547Ymwe1zifURq,CvNiezB8hofusHCKqu8irJ6t2FKY7VjzpSckofMzk5mB,BUY,SOL,AWpD...doge,3.1533145940000002,94529.553739924,2026-02-17T22:01:19.000Z,100
3U52wo8aMPXFMNBGNnehe3eUQiLQAREEqtRGAUjfGU3HxpnVQkeHbCVvvL8cpyfpARDbTumK6hhPPVwuerduspvW,CvNiezB8hofusHCKqu8irJ6t2FKY7VjzpSckofMzk5mB,BUY,SOL,AWpD...doge,3.1285366900000002,92937.631333814,2026-02-17T22:01:19.000Z,100
Q1ycyAsgDKLR6U2gWuZJeVGRYrbuYe8SjvhNjgMECHYrtMvMfNwUt9gjADhtbptmDumfxM7wJMVDjJn75TRhG9a,CvNiezB8hofusHCKqu8irJ6t2FKY7VjzpSckofMzk5mB,BUY,SOL,AWpD...doge,5.9410050000000005,195081.789205233,2026-02-17T22:01:24.000Z,100
33cTAxCcXRoLBueMqYvCwQeM8yUQm3jk3Jt5BfF8Ne4UXo9LQyyBHMfxYzHKHB7wNzmQ5NfXYvFLTiEB9n3r2Fds,CvNiezB8hofusHCKqu8irJ6t2FKY7VjzpSckofMzk5mB,BUY,SOL,AWpD...doge,5.9410050000000005,190175.145026224,2026-02-17T22:01:24.000Z,100
39dJFEZLdpMyucw44ptRAKzdNviP1Jb3b4pni6LPhedc4yhLkhZ4dzkg9Uzbjssrrh2ZTn8n3vBaEg5vAQehFqAv,CvNiezB8hofusHCKqu8irJ6t2FKY7VjzpSckofMzk5mB,BUY,SOL,AWpD...doge,5.9410050000000005,192955.957203671,2026-02-17T22:01:24.000Z,100
2ggaBRE2zGtAZhr7PK4who6fzweN12oHeMaPCsYNQeeBSKYinF7X8mbK6hb2rwkzMET4ptdVWPxdTFN34wF7mUdG,CvNiezB8hofusHCKqu8irJ6t2FKY7VjzpSckofMzk5mB,BUY,SOL,AWpD...doge,5.9410050000000005,186115.301794708,2026-02-17T22:01:24.000Z,100
5S5EXUEejiww3WPC23JpEF9AtR2R3xhgF2pQQhAA9EzF21RjLLr7Xo9YBkQEaQt7TTY1npBWJfzxA6kjjZLVAwo2,CvNiezB8hofusHCKqu8irJ6t2FKY7VjzpSckofMzk5mB,BUY,SOL,AWpD...doge,5.9410050000000005,188128.79724921,2026-02-17T22:01:24.000Z,100
3oZkF2xjc7JjKR2sV3gmFCEM6kMWPkt2hFFuvthQd65FdxfYD2S46RQV4BK9Hi2kaHoDChMAGD89CjA84z9zre4o,CvNiezB8hofusHCKqu8irJ6t2FKY7VjzpSckofMzk5mB,BUY,SOL,AWpD...doge,5.9410050000000005,184133.959185504,2026-02-17T22:01:24.000Z,100
47kjoPnxA8vGCzxzYKsxuEA69DhqwS54Q3KB2177VcaUjis8CNyig9p57dFE6FywSL2pEVjy7S6kVUFoNDvrtSyd,CvNiezB8hofusHCKqu8irJ6t2FKY7VjzpSckofMzk5mB,BUY,SOL,AWpD...doge,5.9410050000000005,181541.010203656,2026-02-17T22:01:24.000Z,100
3bwTn1BnNpLympTwaMMjFYmr2Y5BN3xMEBFqBCgVbgKgDhzqyiwbZS7AGsBB78kNrGKEaRGAHCVk3WyPBWZZDYRP,J6TDXvarvpBdPXTaTU8eJbtso1PUCYKGkVtMKUUY8iEa,BUY,SOL,5R6U...KZFN,10.193384343,3205680.060132,2026-02-17T22:01:45.000Z,100
4KrT9Bo3wUhZCVKKGKScdCUcLaaa8WMAvSY4uxPmp5kusXxYhqZ4QCCyaJ3g18ayGoiiNBnXsapdkGGcbwBqDWiH,GAH2TKPtu7HSpbCkBMANPCDBSSaRFeSwoScfFRVF7oHa,SELL,4NbL...dBcd,SOL,2693521.027702,15.03815186,2026-02-17T22:01:53.000Z,100
2jfTUdaX4VMqPUWbcLnqS4KLFRWyXsK4sAKHppdV8gRU2LCK4hx88vDuWatah1EMHzNbx84SucATJbp5p3eGLvVm,215nhcAHjQQGgwpQSJQ7zR26etbjjtVdW74NLzwEgQjP,SELL,HaUX...AHvi,SOL,3236363.242775,199.218057394,2026-02-17T22:01:59.000Z,100
cLXVRUYaZHYd8ij1Ht6zt2kjCy8yeKYnV7Y5PjzGRoAqeEb1Htbd67wzCQ7mUYwdmNTABpsU1LaYjdiM6vYFREu,5sNnKuWKUtZkdC1eFNyqz3XHpNoCRQ1D1DfHcNHMV7gn,SELL,EMdW...BZVh,SOL,36310143.117955,1.7890982640000002,2026-02-17T22:02:02.000Z,100
5WXLCTAUAME8FHzrSNDBf8h44zzAyW2aMcDoLUcv2o84yzi5HKrYZZjLoPoaHsnxtDwCi89YoyXU8F61QLY6Pgvh,CvNiezB8hofusHCKqu8irJ6t2FKY7VjzpSckofMzk5mB,BUY,SOL,AWpD...doge,5.9410050000000005,174990.016797098,2026-02-17T22:02:04.000Z,100
3iAZR2Cpjt1K9zhzSe7yBLjhFzEhWjf2u5qS2E7mC73TcT9peMRdHs3p5xvPm1ymHxQ7vUcnqZLGzBBPD1LBXzHu,CvNiezB8hofusHCKqu8irJ6t2FKY7VjzpSckofMzk5mB,BUY,SOL,AWpD...doge,5.9410050000000005,175794.262702783,2026-02-17T22:02:04.000Z,100
4Nmt7Qcs8mzj9k85966caVB4WupwD8NLQFS6YjwUKeeZMYNgYV22qazsQjn9VMDQF78sdx4FVHchvuaPDkXWMzMG,CvNiezB8hofusHCKqu8irJ6t2FKY7VjzpSckofMzk5mB,BUY,SOL,AWpD...doge,5.9410050000000005,173986.001310561,2026-02-17T22:02:05.000Z,100
KVoiwRnmJ8QFtNqST4JiTRqTf9Nc4htrei8kRmHiSSm5qs733djFGPsG4scP3f1KQsUcVKub6BNp4CmRCN3uL26,CvNiezB8hofusHCKqu8irJ6t2FKY7VjzpSckofMzk5mB,BUY,SOL,AWpD...doge,5.9410050000000005,173019.917762308,2026-02-17T22:02:05.000Z,100
3EjRyBkkE5mRkkD3obgcjeYTcwAqfokWWusKyJKtk9gDjBuS47znkdyXxdrcHsmqwk7R4eyNh6pUVtyZXsdhjxdU,CvNiezB8hofusHCKqu8irJ6t2FKY7VjzpSckofMzk5mB,BUY,SOL,AWpD...doge,5.9410050000000005,171254.185375774,2026-02-17T22:02:06.000Z,100
4LUR2ovpqNDpuwJNtfgHebnuhxYDaYwFvN7CGn1ri37tjNrqjwugLzAcYqdXNLd8U8v6h6LAVcTwWFpvGUhgzAEt,CvNiezB8hofusHCKqu8irJ6t2FKY7VjzpSckofMzk5mB,BUY,SOL,AWpD...doge,5.9410050000000005,169515.345694377,2026-02-17T22:02:06.000Z,100
51cgDrHybPgwjvfRbhQzoLPqzzY3TyZRXfm7NPcA5B3v2EdvSgxNj9jC4vqWDkSWWZ84jojz2VTvqcuwuu1mFiQQ,CvNiezB8hofusHCKqu8irJ6t2FKY7VjzpSckofMzk5mB,BUY,SOL,AWpD...doge,5.9410050000000005,167935.737653835,2026-02-17T22:02:06.000Z,100
5ASsYEcDY8MQDQmRbKvU82BTi5rtqEvnccZnAsCSKdDtUYJdewR8VYQyWRmtUMtAVFhuNhoWNaaRc6CU9HYxcgQF,CvNiezB8hofusHCKqu8irJ6t2FKY7VjzpSckofMzk5mB,BUY,SOL,AWpD...doge,5.9410050000000005,171264.924763796,2026-02-17T22:02:07.000Z,100
T37MnPC3jojXfbBrWCTZjj8hL1t9Nn7JRb47Hknw1nfCr3xnjsDVoEJjSwyfY3Mmcjo872R9xj8KAaCN697RvyB,CvNiezB8hofusHCKqu8irJ6t2FKY7VjzpSckofMzk5mB,BUY,SOL,AWpD...doge,5.9410050000000005,173030.82367494,2026-02-17T22:02:06.000Z,100
4Cb5YEsBBYyAgdknTgPNnHxL7am6yME3cD1oBxzmnz3Z5JNicDAkCbb1KVoepfq2Eq3mfcQMGbGMTHLBFF5HyGEu,CvNiezB8hofusHCKqu8irJ6t2FKY7VjzpSckofMzk5mB,BUY,SOL,AWpD...doge,5.9410050000000005,166722.00387193,2026-02-17T22:02:07.000Z,100
5Xv2bZvcvkEyG42E7TUdz2xqy5DqqpU3Fd7WzzBw7eKhHoC5GxLDNS5koiqPiU3dcLcjCnDedjvACr3qucBGmwWH,AEeJUPCiGR3yCoukTh1G58o4LYsUEyzrXtfmfMc2kJMX,SELL,4jja...BAGS,SOL,8253948.438714191,4.880081076,2026-02-17T22:02:22.000Z,100
4xQJtQtqvD7duoN3rQ4eFfKL84WWMgYQ7jJjAR2xrTV2uZk25XZLw9hxo1mLoRYrfjc8NJyN9JP59vyKsT5EzrsW,525LueqAyZJueCoiisfWy6nyh4MTvmF4X9jSqi6efXJT,SELL,5R6U...KZFN,SOL,5069703.443937,12.713932304,2026-02-17T22:02:38.000Z,100
2z6wsn3nzwHtJwqkHf9ZuhfBd2KoFVL8sYCEMUWgARrqds112J75xxkQhGVD4T6neeBvUdGtoERuMP87k7TaML9Y,4BdKaxN8G6ka4GYtQQWk4G4dZRUTX2vQH9GcXdBREFUk,BUY,SOL,2LNS...hPUS,1.10847828,37137585.758114,2026-02-17T22:02:42.000Z,100
2f9yFEsVU9Nv3jVumoSRHCzoKFnFineiB4SVDUKzQwzxsYd4jAuwX2mHPfUyBWG9ohAxr7XYNW7CXhk1Y39RTby3,53akttNRNbMoFeFvtS5qjmJMrHiBio24fm22xa3FujU1,BUY,SOL,2LNS...hPUS,1.0109872999999998,21813852.622159,2026-02-17T22:02:42.000Z,100
3dmJrLrYFRTZLDHuXqDJVrBw1YDh2WJqXwryy5nLMBTcUNyqaj6Do78XL5CJmkc19ifYSUNVUdpDGTyaHd8Dizis,68WhRkSpCCurWgvgssfTJV8QwiXbertVaM3Jyzzsb7ka,BUY,SOL,2LNS...hPUS,5.830513915999999,86248251.298966,2026-02-17T22:02:42.000Z,100
4wb46APkESa2m3hF5jZDyEcA49j7yWrgpCX6zmPc7ekvjDaTNXzC9BTc8NshWbV5N4QDUoi98MDoqfzXEUSMXDCG,53akttNRNbMoFeFvtS5qjmJMrHiBio24fm22xa3FujU1,BUY,SOL,2LNS...hPUS,1.009048488,11400514.007205,2026-02-17T22:02:47.000Z,100
5znkVAG3kigb3WyoQSsuuoqEy9dhNgonituuJQs4fSuepqk1Mg7J7iiJSgXQXms1cFjxYD4E521CjdaGyqGZyBj3,4BdKaxN8G6ka4GYtQQWk4G4dZRUTX2vQH9GcXdBREFUk,BUY,SOL,2LNS...hPUS,0.9080050000000001,11141407.229693,2026-02-17T22:02:46.000Z,100
2F1kgWKZfZA3PZNhyrsrnGHZ9fuhCcetfgAKTahwwYCSLhENgDUGfG4kzGeG4L1p6TXMRBMTE9NHT6pxvezejsMs,GAH2TKPtu7HSpbCkBMANPCDBSSaRFeSwoScfFRVF7oHa,BUY,SOL,82qD...3vY7,2.002149016,32118952.68325,2026-02-17T22:02:52.000Z,100
v8DwvQB3847zpYTSRv8MHfbAaWvEj9FpFKXRpNb3cpQ8Zo1Dkg3bv6mdtG7sBmVwx2cDHVdeyE72JxMvhfLP8UL,GAH2TKPtu7HSpbCkBMANPCDBSSaRFeSwoScfFRVF7oHa,SELL,82qD...3vY7,SOL,32118952.68325,0.908222981,2026-02-17T22:03:02.000Z,100
562NGLcVsiEyEkBso9J4UkQndVmEuxYXvAFLzERQoZZEe1MTQnkmq3A9o2o1pVE4VbyMa4F2Lhh59CstCtwzGvfH,4BdKaxN8G6ka4GYtQQWk4G4dZRUTX2vQH9GcXdBREFUk,BUY,SOL,2LNS...hPUS,0.10800499999999999,962598.080196,2026-02-17T22:03:11.000Z,100