signature,whale_address,ts_utc,shyft_result,shyft_erase_reason,shyft_direction,helius_result,helius_erase_reason,helius_direction,category,winner
Vg7ZXeFMzLXeMHjaSkCGKPTQjsNgeG8DeuRhSgdgtiWpXawwAaUxFtuDUesqFJsXLctDVhCgTAyET4Vi9Kxfwdn,8jX6h76wzVMwdnbZ4fhXt7zEAriynbdLMExPipvHAWYW,2026-02-18T09:29:34.421Z,erase,invalid_asset_count,n/a,erase,invalid_asset_count,n/a,both_missed,none
5xxtgzJowjVCG4n7XxCReg2ke5TEcBZw2Df5TSbtANcAmqjhq5FzZEjrQfzRhaTikR7CBmvrAsaF5eCpa6wFpq7x,9ZPsRWGkukYeWg2Z7eZ8NaTBZ1DSuBUVzLcGQWZgE4Y4,2026-02-18T09:29:37.721Z,erase,swapper_identification_failed,n/a,erase,swapper_identification_failed,n/a,both_missed,none
54NJLjLkK1Ws45jNsEujobHq2bgLsSFBL6TiuzRfwGhprQmCfLJLmdctURbQ3kCqrnfw9dH3QhrUt1JqvBny1k77,9ZPsRWGkukYeWg2Z7eZ8NaTBZ1DSuBUVzLcGQWZgE4Y4,2026-02-18T09:29:38.277Z,erase,swapper_identification_failed,n/a,erase,swapper_identification_failed,n/a,both_missed,none
67aMzhR3FrESYJeNJdF6zScotPGW7XqquCeoRo5o3KkShhmeXoZ713KuRwTmpPrBFwtXbAZLPBek3GD2u2mX8JE1,H2rYhxbwkxjxbZwam3dbzVR8BbQCyHGUT8Kgitive4pt,2026-02-18T09:29:37.832Z,erase,swapper_identification_failed,n/a,erase,swapper_identification_failed,n/a,both_missed,none
5B3yNB6dtBfZ2krJ7ZnorW959ZV5m6RLbwzcPxdepvDUkGL3PRYM9PkHp8DtHvMhBV246w6SaLWK7tW6aRxjpL3Q,H2rYhxbwkxjxbZwam3dbzVR8BbQCyHGUT8Kgitive4pt,2026-02-18T09:29:37.845Z,erase,invalid_asset_count,n/a,erase,invalid_asset_count,n/a,both_missed,none
656PrG7nDSVC7TnLC5Tk8tzeE6XCxmsN57zy29Zd24uS4CePYCFnaz59iQMSGrqCWYoVoSdNf3oovSidJi8K5mJR,H2rYhxbwkxjxbZwam3dbzVR8BbQCyHGUT8Kgitive4pt,2026-02-18T09:29:37.910Z,erase,invalid_asset_count,n/a,erase,invalid_asset_count,n/a,both_missed,none
2B58nFWiVLLqKKA2aDvCDJRAzU6sYAsDMhkKi1UiUdwvjr3Y4zCMWWnwNPsbesjZs9hVbDHntN26BLG4JxbR38h,H2rYhxbwkxjxbZwam3dbzVR8BbQCyHGUT8Kgitive4pt,2026-02-18T09:29:37.886Z,erase,invalid_asset_count,n/a,erase,invalid_asset_count,n/a,both_missed,none
2UBKsYM65AbbJbStrYGVC6t9QgDa9H8cpKXtf4XFh4obD7dm9ZNiMDtPyYiDFJ5ZAggNmhNnGdfknsK9YAbarHJt,H2rYhxbwkxjxbZwam3dbzVR8BbQCyHGUT8Kgitive4pt,2026-02-18T09:29:37.966Z,erase,invalid_asset_count,n/a,erase,invalid_asset_count,n/a,both_missed,none
43vqDLAfPxVke1b9fr4DLzKogJxzpWnQdvZ5G6Kfqc9EgMcb3HDKCoBxiT4A3qKt883X64UQo1J9t9gFgJ3miWSY,ByjcyGru3RTeAheTjoFJi7mL8knNmzHz1twuoqjbjRtF,2026-02-18T09:29:39.745Z,erase,swapper_identification_failed,n/a,erase,swapper_identification_failed,n/a,both_missed,none
AHZXo7LUk5QimoGAVNjmQtkojUf8WtVYLGKzafFPFwdCBhqXXJcm3RNFDoQNR7cjrXgDgHzVgvDHFaxQ3F81gs2,GsCY6n5RY7v3qcDAzGYcDShNzthngVs4So4b5nmVuqSN,2026-02-18T09:29:38.299Z,erase,invalid_asset_count,n/a,erase,invalid_asset_count,n/a,both_missed,none
3tXrU9t7getrDtiB8fBkH2zU24WpGRfQzMP3j6TghqacyrParsTso862S5zKrbUnevHkCgCKvQeNspxShy3QcD6M,9mhknuPaxKJf1YeFDS6TL4b9EDTPUWVAFPPhkPXUt4ak,2026-02-18T09:29:42.332Z,valid,,BUY,erase,invalid_asset_count,n/a,shyft_only,shyft
38f134yvAaYCV53fkfqWGLuhxn7X45wtT3G6WKQHDiaH2bP8CoUr4yvjFJLY7XfaKdrgb3VTrWfrgR67FeNYv1o2,ByjcyGru3RTeAheTjoFJi7mL8knNmzHz1twuoqjbjRtF,2026-02-18T09:29:42.882Z,erase,swapper_identification_failed,n/a,erase,swapper_identification_failed,n/a,both_missed,none
3mm233XLC8C94K7AYDNJcdSxxHe9wiTg6h9mntBjqTyogxK7upjoZrgxvYNxKnYdD7GXJrmRRm4zmb7uzrvyzWoz,Am8MAEorCMAKxphqjAz3Ff59NEwPm4W2eS3DQLi2B4hg,2026-02-18T09:29:46.601Z,erase,swapper_identification_failed,n/a,erase,swapper_identification_failed,n/a,both_missed,none
3jwbRxeFXGoN8bEAW9KdsKP6iTjK9MwqwRVECs18GWT8MuHEB1Q51cGEUyHVdSyTLkjaRA3y85UmhEAujCx6ExDM,H2rYhxbwkxjxbZwam3dbzVR8BbQCyHGUT8Kgitive4pt,2026-02-18T09:29:47.358Z,erase,invalid_asset_count,n/a,erase,invalid_asset_count,n/a,both_missed,none
252NuEFd62tKFNME98mxKxdtywjMAU62gz4KEPji74aMkmDanoSAGyxRkBQTtEbgrTGy4PBFZtXGXwqA1bfnPJr8,C68a6RCGLiPskbPYtAcsCjhG8tfTWYcoB4JjCrXFdqyo,2026-02-18T09:29:46.921Z,erase,invalid_asset_count,n/a,erase,invalid_asset_count,n/a,both_missed,none
Mj1LzViCVsbvdNijpf6xHFyz7fV2TcTXurquiqC4uVRWV6oAo3SXoTPJy47x6n8D4gUCXqKd6PW5kGDM1r4FZRS,H2rYhxbwkxjxbZwam3dbzVR8BbQCyHGUT8Kgitive4pt,2026-02-18T09:29:47.382Z,erase,invalid_delta_signs,n/a,erase,invalid_asset_count,n/a,both_missed,none
3NWAByZRZYe2MDtFPa8er8FqXPupacpHV5XVzMynVuJYomZVsXmZWgkLN2nAdT7LaUeKGM4hcr3kWurSQqM3Y6Fu,H2rYhxbwkxjxbZwam3dbzVR8BbQCyHGUT8Kgitive4pt,2026-02-18T09:29:47.370Z,erase,invalid_asset_count,n/a,erase,invalid_asset_count,n/a,both_missed,none
Ui2YbiX4yaMLK5GF7xfQqGUM2B3bAjirvRSTdxKmzbcsUcCngLbmbPz69VD399Z1koYUVWxhp7LNrCQCAZzhiyB,5e2qRc1DNEXmyxP8qwPwJhRWjef7usLyi7v5xjqLr5G7,2026-02-18T09:29:47.744Z,erase,swapper_identification_failed,n/a,erase,swapper_identification_failed,n/a,both_missed,none
3d4GJNWsuaHPnLj1NB55G4RDvmwvPm1kDJoKCbTnWNagruNEUbNEaBBETJ6AkAkL4CF1jEw7aJBM9BX66kBXMFRY,ByjcyGru3RTeAheTjoFJi7mL8knNmzHz1twuoqjbjRtF,2026-02-18T09:29:48.476Z,erase,swapper_identification_failed,n/a,erase,swapper_identification_failed,n/a,both_missed,none
5PgRNQTa1tzCFw4WVApM2o9cfbxxfQLP2jNjhGPHgCxbxrpQhiZKGgarcnPNvLz1neDMzoMC2L1iPCrijf6dKuP8,CSEncqtqbmNRjve42sNnbs5cCSmrjUNsAEwc17XY2RCs,2026-02-18T09:29:50.756Z,erase,swapper_identification_failed,n/a,erase,swapper_identification_failed,n/a,both_missed,none
2PWa4bind5vkNH5fm2zSXAVAfHoDLJtFYcF89z9EAjWLyZNdiWUUAypiUHFwvLfrG1RpvBvTEh9rdCgukkcCSP5,ByjcyGru3RTeAheTjoFJi7mL8knNmzHz1twuoqjbjRtF,2026-02-18T09:29:51.120Z,erase,swapper_identification_failed,n/a,erase,swapper_identification_failed,n/a,both_missed,none
5JxK3ncU87PF5xN72u4nCYjpXJsuLdmDPkZNqUwSp1Kz3pFWPrZr87f6f1gZQrbxF1VFDCBMi5xaTcvWBbUppsFo,CSEncqtqbmNRjve42sNnbs5cCSmrjUNsAEwc17XY2RCs,2026-02-18T09:29:51.480Z,erase,swapper_identification_failed,n/a,erase,swapper_identification_failed,n/a,both_missed,none
MaxtWKHgNxpaFfzuZhFNVDPpoqQn85GHVK4DCxJr2LimenaJzcu5adC527WfSESEr7E7q5BQqg1gVV5sj28cXSe,ByjcyGru3RTeAheTjoFJi7mL8knNmzHz1twuoqjbjRtF,2026-02-18T09:29:51.477Z,erase,swapper_identification_failed,n/a,erase,swapper_identification_failed,n/a,both_missed,none
4UH83XiuZzvWeZNZEAS5JEvkz9NjGwxxmSe3FkjZoJfah2px9ycWSvBre6YZJ1yC6okqXM2Y8dNQJ8WXgectUcze,C68a6RCGLiPskbPYtAcsCjhG8tfTWYcoB4JjCrXFdqyo,2026-02-18T09:29:51.127Z,erase,invalid_asset_count,n/a,erase,invalid_asset_count,n/a,both_missed,none
66FLmwDvZ9d7ycQk5HZbK1v1cquTD7TaafoPBHWcrPc6ioKG9nUHgLXW5xBYwzNjgDZ851UQScoa6hEvr4tEoHaq,DDgPbQfdHgBgq51omvQCPkC9ioywc6vvKQJ5mLk5hmmQ,2026-02-18T09:29:54.418Z,erase,swapper_identification_failed,n/a,erase,swapper_identification_failed,n/a,both_missed,none
E1JTYUyLCMEYrcUx5xMtCfkeM4nBfzCGmwdH4UocZnPcm9UAw7zMKHCkUynbAUKPVQohLNPFCgeK67n1AJq3oiJ,ByjcyGru3RTeAheTjoFJi7mL8knNmzHz1twuoqjbjRtF,2026-02-18T09:29:54.907Z,erase,swapper_identification_failed,n/a,erase,swapper_identification_failed,n/a,both_missed,none
2a9GWLWnnYnDZtyQDZ7C5NVcX8fBJuu6LyfXLsfJF4EupGHU2v5Ukkqaw1W6mjSgZ8mvAFYU1yLaePqo1wsBVPF6,H2rYhxbwkxjxbZwam3dbzVR8BbQCyHGUT8Kgitive4pt,2026-02-18T09:29:56.630Z,erase,invalid_asset_count,n/a,erase,invalid_asset_count,n/a,both_missed,none
5RJGfDPrZmbFborDfAqNttY9g2xmM8Wo1HhVgdVsoojcUSHrAEap48V6daTv5BMGhcCyeJVstTQ2uQhyfcsMkbnH,H2rYhxbwkxjxbZwam3dbzVR8BbQCyHGUT8Kgitive4pt,2026-02-18T09:29:56.617Z,erase,invalid_asset_count,n/a,erase,invalid_asset_count,n/a,both_missed,none
2BggW4BzSZQZLJjNLC7n7N94zpYKAg8EjQdf7J4ddHygKUgVmFTPj6tEjhzF5GLY71QxJY2H3guxpSsWe7LWkyWo,H2rYhxbwkxjxbZwam3dbzVR8BbQCyHGUT8Kgitive4pt,2026-02-18T09:29:56.641Z,erase,invalid_asset_count,n/a,erase,invalid_asset_count,n/a,both_missed,none
3Ucef2Z2birS7rLZkWdLUAWYDJpxHAAtzLffjKj3zSQd2Xgmke7utyNAiZ4SxZ6C8YmPyJi1uA3cRKjgFe5CwDig,H2rYhxbwkxjxbZwam3dbzVR8BbQCyHGUT8Kgitive4pt,2026-02-18T09:29:56.602Z,erase,invalid_asset_count,n/a,erase,invalid_asset_count,n/a,both_missed,none
5DqAZ4o9vYao8xzyCYG2LjDSmRK7vP2jreeWeeYxNUSsER19wCj12R6J8WWFS2naxYW66a1HQXCF1eum1o7X8Pjt,9E4fv9BsJ2BwkNBXDeUgpJYtrYPheMQWYFcxGYxDFshX,2026-02-18T09:30:04.196Z,erase,invalid_asset_count,n/a,erase,invalid_asset_count,n/a,both_missed,none
59HTUu69MvG5vnD92vjpiyH9Qhx5ECe5PWyvjVEfQwNsWDJ8SY7GYwZtJWWa2diZAdGiWm3BwUPxSdzXARpgGQmk,CSEncqtqbmNRjve42sNnbs5cCSmrjUNsAEwc17XY2RCs,2026-02-18T09:30:05.676Z,erase,swapper_identification_failed,n/a,erase,swapper_identification_failed,n/a,both_missed,none
4zM5PA611BwcM9oo7ack7qQ63At9mPKSSH97Z6EwBcMTUkwuSTELq112QaGFpNvRwU4iMpV8r8rZRS7x48nsPFYT,9ZPsRWGkukYeWg2Z7eZ8NaTBZ1DSuBUVzLcGQWZgE4Y4,2026-02-18T09:30:06.425Z,erase,swapper_identification_failed,n/a,erase,swapper_identification_failed,n/a,both_missed,none
2VTtBPG3ocn1xY4brqyDGzXZxefHRrYqvS1AcvngtWGf88piir6ZF2WTEL2odqtBZc9MtZEajEbr8Uji1WEg6uEg,9ZPsRWGkukYeWg2Z7eZ8NaTBZ1DSuBUVzLcGQWZgE4Y4,2026-02-18T09:30:03.829Z,erase,swapper_identification_failed,n/a,erase,swapper_identification_failed,n/a,both_missed,none
jyA3QYpUgBaHmcBksGy2VTmJ1Xu37kv8238aUL1q1uU1jNgpYpyrCd422We7J2oSfJNZXVDvoFxzRgAEbki1c3w,H2rYhxbwkxjxbZwam3dbzVR8BbQCyHGUT8Kgitive4pt,2026-02-18T09:30:07.977Z,erase,invalid_asset_count,n/a,erase,invalid_asset_count,n/a,both_missed,none
axJjbVyLmFi1XjjjF6Tdg59UVMXUqMsaLuCMigbc2wqQmcV1FWFhaEGoGd4yhbBNgwz8qzRdwAYivXd9yyn4Jnb,H2rYhxbwkxjxbZwam3dbzVR8BbQCyHGUT8Kgitive4pt,2026-02-18T09:30:07.971Z,erase,invalid_asset_count,n/a,erase,invalid_asset_count,n/a,both_missed,none
jnGXD9qeEUqriRA5qB7pn7cwCnNbHYC1YBCbnPAMxZU2C4eKQF3nth1LMrSZZtrTYxNZfNbLA7xBHAY7Y5Lty4R,76iXe9yKFDjGv3HicUVVy8AYxHLC71L1wYa12zaZzHHp,2026-02-18T09:30:08.007Z,erase,swapper_identification_failed,n/a,erase,swapper_identification_failed,n/a,both_missed,none
2eBECivPx49TV5mdB9yd9hsUCah35AFGgqVMN9pUTCAGbzxXnn2sA59fhej3vEdP27coF4AfbKMyDVgRRKCJhioc,H2rYhxbwkxjxbZwam3dbzVR8BbQCyHGUT8Kgitive4pt,2026-02-18T09:30:07.994Z,erase,invalid_asset_count,n/a,erase,invalid_asset_count,n/a,both_missed,none
2QrbbhUNATrsuG4FWC55qyXXgu8uGQFRfrX1qfgG7B4U2uWsPiFrmDsRKW3fH9wvAq3sQrDxJ42fFeFiULu7K5GY,H2rYhxbwkxjxbZwam3dbzVR8BbQCyHGUT8Kgitive4pt,2026-02-18T09:30:08.001Z,erase,invalid_asset_count,n/a,erase,invalid_asset_count,n/a,both_missed,none
26jJfYw457D8hNmRWRmpoUQEnwGTbu2C9NF7eGCu1a9t4BVZPWNgd2iT5GvmQVjxUyM7ZKQ2UTpKhsvf3ASWxsaw,ByjcyGru3RTeAheTjoFJi7mL8knNmzHz1twuoqjbjRtF,2026-02-18T09:30:08.357Z,erase,swapper_identification_failed,n/a,erase,swapper_identification_failed,n/a,both_missed,none
3HEibjuRXAZEMUcy9DXitki1bKXM83W7s1TazEvQpQiuFJ5ATx5tk8kWLZcCgJoH9QWrX4inXTtGPfsyFVGLvtzY,ByjcyGru3RTeAheTjoFJi7mL8knNmzHz1twuoqjbjRtF,2026-02-18T09:30:11.830Z,erase,swapper_identification_failed,n/a,erase,swapper_identification_failed,n/a,both_missed,none
4G8BZojRdBT47zyzyMYjF8Mp47dHQ1c8EGQG2TDy9k3wBWoNh4J5oF2Zzqs1qnmD3JFJCwKHD4xpqYTDwKpTTFaD,sdPGX5Zgb2a8o67aHSAezHmcTHe8HRs8HotyHvzhEhT,2026-02-18T09:30:15.529Z,erase,invalid_asset_count,n/a,erase,invalid_asset_count,n/a,both_missed,none
5BVxXjvHUgTkBxLGrtvce7AozjB2qNqw1yRc4g1T83gKPNuTzt4PMmYacAtCXWWfqAFPTroUisbYSYGDGwGmjwMx,ByjcyGru3RTeAheTjoFJi7mL8knNmzHz1twuoqjbjRtF,2026-02-18T09:30:21.520Z,erase,swapper_identification_failed,n/a,erase,swapper_identification_failed,n/a,both_missed,none
4GqfsUjTt7rRT5Nwb2TxJFi8qXKgVpfa1qbnAaotH7C7jGXrDnSofBGMpDPGfMipS8nx8313rdnNSVAJixt2sJH6,ByjcyGru3RTeAheTjoFJi7mL8knNmzHz1twuoqjbjRtF,2026-02-18T09:30:23.801Z,erase,swapper_identification_failed,n/a,erase,swapper_identification_failed,n/a,both_missed,none
34pVrZPp5pefuKajvNajM4izCz5hh5gevjeRDf96CR8e9fH1UD4iQAH4nD7BmBWyPNAi44FB3UG23vcPE5Afopk3,CSEncqtqbmNRjve42sNnbs5cCSmrjUNsAEwc17XY2RCs,2026-02-18T09:30:25.747Z,erase,swapper_identification_failed,n/a,erase,swapper_identification_failed,n/a,both_missed,none
qniVNdE2wumoUdmzipjXgjhY7WBX3cYEHygnmkUGQKoijR2KF9ZaaryTPFRXoMs92mj4RJQkStVHmBXGGptnTeZ,8d9FNC7AgKLTCPKNd3MMkLLXZYLmiYFYR3vfXMBNJVNx,2026-02-18T09:30:30.060Z,erase,swapper_identification_failed,n/a,erase,swapper_identification_failed,n/a,both_missed,none
2BbbUKMJxW51MHCKzYJFVQeEq418R9sos1WmyuNwWKq458NamB8tUPJs9mfTxzhhMqAzw9rPVH1nCAmpBPPcjsTS,9ZPsRWGkukYeWg2Z7eZ8NaTBZ1DSuBUVzLcGQWZgE4Y4,2026-02-18T09:30:32.099Z,erase,swapper_identification_failed,n/a,erase,swapper_identification_failed,n/a,both_missed,none
2mrEhSrZuKwRZprrV4cMinf27onfZsi2BV6HPANtBVuwrgfJ7eBHUi3VCSuzzybFq3x2kq2ajnvfuXFeLh5vjMZQ,CSEncqtqbmNRjve42sNnbs5cCSmrjUNsAEwc17XY2RCs,2026-02-18T09:30:32.445Z,erase,swapper_identification_failed,n/a,erase,swapper_identification_failed,n/a,both_missed,none
5KR2hzoA1jxdwVn5xxqqLf6LYWWHGPsqen5nBSRh2eG5p1ETANDPyKC8VfYyE6USp57rwN7pyTwSiTArTSHGUrfd,CSEncqtqbmNRjve42sNnbs5cCSmrjUNsAEwc17XY2RCs,2026-02-18T09:30:33.546Z,erase,swapper_identification_failed,n/a,erase,swapper_identification_failed,n/a,both_missed,none
32sSAD67s6EWvEiEEgKJECg9qptT45QXEFo5jSqnGaaAL8SJozBLeaFzVqtoqhGdfPoaJPLBjyRSB6guBNw9cMdR,8d9FNC7AgKLTCPKNd3MMkLLXZYLmiYFYR3vfXMBNJVNx,2026-02-18T09:30:34.607Z,erase,swapper_identification_failed,n/a,erase,swapper_identification_failed,n/a,both_missed,none
5EjvK8Nx5yKJRjR694ecqVX6Ft7A8Edd946WytbWv1pdcmg6fsnjJHWku1K2s9ykEn9L4oriCN4Nza69DG4x6KMV,ByjcyGru3RTeAheTjoFJi7mL8knNmzHz1twuoqjbjRtF,2026-02-18T09:30:34.997Z,erase,swapper_identification_failed,n/a,erase,swapper_identification_failed,n/a,both_missed,none
4zW55kabBuDNQpdBXwREAMHfGi55476ttopTarnqwBXhPra4yCEBtApvBh4QdnPwi2pJwFxpfe4GNj6waAxP1eFg,ByjcyGru3RTeAheTjoFJi7mL8knNmzHz1twuoqjbjRtF,2026-02-18T09:30:36.909Z,erase,swapper_identification_failed,n/a,erase,swapper_identification_failed,n/a,both_missed,none
568XeJfsDBYioKXUyN3nHfcGDhXnBGPkhoyg7SscuJEGYmxzMjDhLrC2MdjG3XC5N77vPAHotCppHykRL37v9V8o,76iXe9yKFDjGv3HicUVVy8AYxHLC71L1wYa12zaZzHHp,2026-02-18T09:30:43.260Z,erase,invalid_asset_count,n/a,erase,invalid_asset_count,n/a,both_missed,none
48m9otfT6DDszfJKrxDGhNsaBqy69a7ULv3DBbkzwu9RdwRHgp8fsMzxyQBc1w91QCph3hh8CTE5wK3T1n6j5Db3,ByjcyGru3RTeAheTjoFJi7mL8knNmzHz1twuoqjbjRtF,2026-02-18T09:30:49.197Z,erase,swapper_identification_failed,n/a,erase,swapper_identification_failed,n/a,both_missed,none
2pnXA8DEwiyCc6drpG4DFj5LZAXsg2rcxsnvhLges3V2tRXB4Afxj7bzHoU5ygYZksNaXJKVZZk3tGHKjQBGyMVu,ByjcyGru3RTeAheTjoFJi7mL8knNmzHz1twuoqjbjRtF,2026-02-18T09:30:50.994Z,erase,swapper_identification_failed,n/a,erase,swapper_identification_failed,n/a,both_missed,none
2dra4Jii9jgwUxTKdMyTzwqL5X5rpxEwNoLXuUTAY6hYuPsrqv96WRSerD8MZJFFBQUVUHb16G9KYkpU2sHPYn9,DPQkRgMqcGjDyJZfcrMAXTAc56dhtbLB1srsYBz6Bcmg,2026-02-18T09:30:53.875Z,erase,swapper_identification_failed,n/a,erase,swapper_identification_failed,n/a,both_missed,none
36g8qHZ8aH94AtMYMDkgD9GYypkTQxaDv6aGogCrVABhV7LJmhGR3VPXiBih1kr51NJhGx1Mpxs25EPDAtjFyjgp,9ZPsRWGkukYeWg2Z7eZ8NaTBZ1DSuBUVzLcGQWZgE4Y4,2026-02-18T09:31:01.017Z,erase,swapper_identification_failed,n/a,erase,swapper_identification_failed,n/a,both_missed,none
4iJBaCui87jDcp8sT6Xc8QjM4NAPEX84cTT42mqwV48gXpha74JmwBq71VyQpETBSMs7J9DkYtBLeVTan6uCiBdW,ByjcyGru3RTeAheTjoFJi7mL8knNmzHz1twuoqjbjRtF,2026-02-18T09:31:02.865Z,erase,swapper_identification_failed,n/a,erase,swapper_identification_failed,n/a,both_missed,none
2FhXZDaSefi9EgHWAKYGHsVqoykqsUwFKxmbc9bt5ZhqSEdyUqUSJCuLqN7BfeLiVonnLi4snWJtWXxpRmtTmKAF,ByjcyGru3RTeAheTjoFJi7mL8knNmzHz1twuoqjbjRtF,2026-02-18T09:31:07.382Z,erase,swapper_identification_failed,n/a,erase,swapper_identification_failed,n/a,both_missed,none
5Dn6nZXtYCq2SqkbqsSSWU5FUXy6Gt78JFe6Da5YnNoHhoffZuGrEna3gMs7qqwuJSCrymRwXMenQMbPfyEBtWYp,CSEncqtqbmNRjve42sNnbs5cCSmrjUNsAEwc17XY2RCs,2026-02-18T09:31:08.509Z,erase,swapper_identification_failed,n/a,erase,swapper_identification_failed,n/a,both_missed,none
5YUtAr72FE4niTJTZTAw6ANrZPHPKJWmChWtHY5iWoV8LYgeaZJXothiTpXShDVtzXs1dSu8zwGqTqZW2RkjckGW,76iXe9yKFDjGv3HicUVVy8AYxHLC71L1wYa12zaZzHHp,2026-02-18T09:31:07.386Z,erase,swapper_identification_failed,n/a,erase,swapper_identification_failed,n/a,both_missed,none
3KNAhWdPrn6VhZkLF4vqv83bMriYHMcHgF1w9MoiMkXnMFjuewKpkNhbpaMAcx6zNqSYLrdmYayvcdwDxrVQjjyh,9ZPsRWGkukYeWg2Z7eZ8NaTBZ1DSuBUVzLcGQWZgE4Y4,2026-02-18T09:31:14.156Z,erase,swapper_identification_failed,n/a,erase,swapper_identification_failed,n/a,both_missed,none
13oUyUwVDXCmvAHe64RFA2sbbdeFTobYXT67vT3gnZ7fdFA9LE8ATxmUdkdArK5Dqk8dcvYqBVXvYWpyKnYPr62,ByjcyGru3RTeAheTjoFJi7mL8knNmzHz1twuoqjbjRtF,2026-02-18T09:31:15.404Z,erase,swapper_identification_failed,n/a,erase,swapper_identification_failed,n/a,both_missed,none
jgLLy6UtDqUQy5CeKFXrzkhuJ47M6Poo7Qk5XEz5NN9DVsSGfL6WJQEGofMVGKHdUeGQR7TN6eViEFvtXHRpbBZ,CSEncqtqbmNRjve42sNnbs5cCSmrjUNsAEwc17XY2RCs,2026-02-18T09:31:16.481Z,erase,swapper_identification_failed,n/a,erase,swapper_identification_failed,n/a,both_missed,none
4799dd7USb1cnGP1cyp21Yp8iotTpDssF3S7QHc5sjmbykjibFatBHH4xVMtDZNvADKMHyVSnNbdFnNZPacRcMU1,C68a6RCGLiPskbPYtAcsCjhG8tfTWYcoB4JjCrXFdqyo,2026-02-18T09:31:16.942Z,erase,invalid_asset_count,n/a,erase,invalid_asset_count,n/a,both_missed,none
LDYkw62i2XGQ5mosUGnwwekhCQzV7jJGjtwVUoUXAFySZznAaWp2K9pnbCrjzrQRYv1u4ceDGzyA3YHh4c4cCYi,76iXe9yKFDjGv3HicUVVy8AYxHLC71L1wYa12zaZzHHp,2026-02-18T09:31:16.934Z,erase,swapper_identification_failed,n/a,erase,swapper_identification_failed,n/a,both_missed,none
5Zxbv2V5QxZTNFeJC8L3s48pQ2tLekN3zmit9fjehgVQ1UVwv2kRp75jVxb8S33EJDvnpaXSP7S1u6ybya7qS39F,ByjcyGru3RTeAheTjoFJi7mL8knNmzHz1twuoqjbjRtF,2026-02-18T09:31:17.446Z,erase,swapper_identification_failed,n/a,erase,swapper_identification_failed,n/a,both_missed,none
iEx6e1weBJcZv4HbooUrpixAGcRsAsEiPxQgYeUU8PAiZRy8Yv37QYA3roCrv3BCqNszrQLFQdAsCH4WRxEDsiZ,CSEncqtqbmNRjve42sNnbs5cCSmrjUNsAEwc17XY2RCs,2026-02-18T09:31:22.582Z,erase,swapper_identification_failed,n/a,erase,swapper_identification_failed,n/a,both_missed,none
2EGCz6QJHusbVjh1usngjVNAy3ZtahGM6AZor4Ujch5ym4EP2nuGNdyKbHQKLCXfJgsqM7j5kT2DGYZUVF5TARjT,76iXe9yKFDjGv3HicUVVy8AYxHLC71L1wYa12zaZzHHp,2026-02-18T09:31:26.883Z,erase,swapper_identification_failed,n/a,erase,swapper_identification_failed,n/a,both_missed,none
5bD19DYn1UCCPUEzgmpFC1Rd8wiA5bgoxiULcR7QtmUfTUd46F1nyBoPr1tbGhouV7p11rDj5hThUTLfXZWWDDVx,ByjcyGru3RTeAheTjoFJi7mL8knNmzHz1twuoqjbjRtF,2026-02-18T09:31:26.889Z,erase,swapper_identification_failed,n/a,erase,swapper_identification_failed,n/a,both_missed,none
4C2A8uw4253hC4x1MfmsXmBkaYJNiX9K1LgpNMdFP5makoJKez2fuzxFcsWH5L3NMZ3MXRFqTQ46ShJ3997eygy9,8d9FNC7AgKLTCPKNd3MMkLLXZYLmiYFYR3vfXMBNJVNx,2026-02-18T09:31:28.829Z,erase,swapper_identification_failed,n/a,erase,swapper_identification_failed,n/a,both_missed,none
5W845E6HPPKSE23bzW9SvKm3AfCWyPPh4RAEYANsVtmxsjkB3UmyW3vXT6mVYhn7pKCH4fVgaRjagGuHJXwSPMit,ByjcyGru3RTeAheTjoFJi7mL8knNmzHz1twuoqjbjRtF,2026-02-18T09:31:28.834Z,erase,swapper_identification_failed,n/a,erase,swapper_identification_failed,n/a,both_missed,none
2k6Ynrz5ngEFS8YFbcR33eCoyhXytQdqwjzWWi6W1HeavCkSMHMV7Y4LBJGPTS7aareNecRiqN7GXrqDuBUyhft8,C68a6RCGLiPskbPYtAcsCjhG8tfTWYcoB4JjCrXFdqyo,2026-02-18T09:31:29.966Z,erase,invalid_asset_count,n/a,erase,invalid_asset_count,n/a,both_missed,none
3LWS4Qtr5j1FmT2x4FacoB8dqNRCuyGXZtjEedsUmhxtUw2x17Z1zafygxtYpBoD3kMaxJwCa5vSgroyxXTKxK7e,sdPGX5Zgb2a8o67aHSAezHmcTHe8HRs8HotyHvzhEhT,2026-02-18T09:31:38.585Z,erase,invalid_asset_count,n/a,erase,invalid_asset_count,n/a,both_missed,none
EXviY76pMWxAeE5Wf8ujeHj1qwkNyswrie8C7rwyCZBTbqojcuXdk8LRcwRp2HSCByVNpHts1fBLPF6KB1eTVKW,ByjcyGru3RTeAheTjoFJi7mL8knNmzHz1twuoqjbjRtF,2026-02-18T09:31:40.055Z,erase,swapper_identification_failed,n/a,erase,swapper_identification_failed,n/a,both_missed,none
449xoeUasmaWB4wgL5NvFqAWYeJ8j1hEo7rzEhJ94G7i3osdPSY2i3MPmPGSMsrD3yN2TSMuaYu2BqMd2nZyqELg,9eopQbZdGDnTyXdEDeDbFqfcVYJ4CyAfS3anEr2JAjHo,2026-02-18T09:31:40.468Z,erase,swapper_identification_failed,n/a,erase,swapper_identification_failed,n/a,both_missed,none
4rDDaVrzy68H4n1Futajgm2vfyKkvK8Jng7EfzQckuWwnftxZpoMbLmbXwzGZPvR3HWWtqRb5LvaH3eBzQfPCdJA,sdPGX5Zgb2a8o67aHSAezHmcTHe8HRs8HotyHvzhEhT,2026-02-18T09:31:42.691Z,erase,transaction_failed,n/a,erase,invalid_asset_count,n/a,both_missed,none
5UUAxuxX4wXXGj6aVnj1EwtNZ3EGBAV6AZZGRA9ZbB9GE9iy3LfDHxdgfBTD361LEBGt3d1HGzttnw2pPeyH7XtH,ByjcyGru3RTeAheTjoFJi7mL8knNmzHz1twuoqjbjRtF,2026-02-18T09:31:43.004Z,erase,swapper_identification_failed,n/a,erase,swapper_identification_failed,n/a,both_missed,none
3ahQuaNeRMjbQ89UtFgpN3wosd74RCpoHrEPMWrHwNjqh38kDBiFzvQ25hqYuHrSQcP5ez7ZfMfV1Cqf9izY5Tz8,AeHHtXdzLQDSNpMBVdq4JCj9ooiKH4apWFwt7gcc1ZPb,2026-02-18T09:31:47.621Z,erase,invalid_asset_count,n/a,erase,invalid_asset_count,n/a,both_missed,none
2R3UFcCMBmzQZoSL2iNS8baifG6R7aswuPy4sT1Acac3oiXFtwirWjri7pZsnMnkNHqz9iupjAQJeVHtvtNUBwN8,9ZPsRWGkukYeWg2Z7eZ8NaTBZ1DSuBUVzLcGQWZgE4Y4,2026-02-18T09:31:49.911Z,erase,swapper_identification_failed,n/a,erase,swapper_identification_failed,n/a,both_missed,none
EEgG5bUBRDZyFyxn9ddjSwZMUxhtv2mLR7U7MJXcbmebgvTekGTfKoJ6NUYDNQraSxJ1uTev7Jr5c1nWrWN7SBW,76iXe9yKFDjGv3HicUVVy8AYxHLC71L1wYa12zaZzHHp,2026-02-18T09:31:50.262Z,erase,swapper_identification_failed,n/a,erase,swapper_identification_failed,n/a,both_missed,none
KX3S9oMvBMcosPVqW758KGZjMuhbxwsPoyUarTVBMxYbUBmMx7sbnvmXjP2uwXNuPWmgAPdVeb2ZEKehqZTvXyz,C68a6RCGLiPskbPYtAcsCjhG8tfTWYcoB4JjCrXFdqyo,2026-02-18T09:31:50.268Z,erase,invalid_asset_count,n/a,erase,invalid_asset_count,n/a,both_missed,none
3norD3qQjYCTiKmSmWfggCsNz2JYF1iXfV3q3dHh9HouDHCMEq9ihQTMhHWP1KbMQ1fGRbxtRJZbMTifcYCA6XBR,9ZPsRWGkukYeWg2Z7eZ8NaTBZ1DSuBUVzLcGQWZgE4Y4,2026-02-18T09:31:50.254Z,erase,swapper_identification_failed,n/a,erase,swapper_identification_failed,n/a,both_missed,none
LkLPWJ95qpazgBa3WgUQZ21cPNuw8eDGPgrkVgN8iYEyU5Le8z8pbvfUY44hDm2NuR3auRyLcUk33wTCKwzLVDS,ByjcyGru3RTeAheTjoFJi7mL8knNmzHz1twuoqjbjRtF,2026-02-18T09:31:51.862Z,erase,swapper_identification_failed,n/a,erase,swapper_identification_failed,n/a,both_missed,none
4JeJUp4cuY4uxKkt3g5gR4kDmcMZLGrrccwQsLVH1XQ5mWKVmDEycLqKxWGyLSbgGXopHasXRw8pNJ1tgW5h3mu4,9E4fv9BsJ2BwkNBXDeUgpJYtrYPheMQWYFcxGYxDFshX,2026-02-18T09:31:52.583Z,erase,swapper_identification_failed,n/a,erase,swapper_identification_failed,n/a,both_missed,none
iQZWhDpyubJoYbwDcHXrK7iopBfbzHBv9dpLtbYV5xRZo9nNqtv3KNdcRhaRCEKVkRWktcGq6hRAUVEjgs3ju11,C68a6RCGLiPskbPYtAcsCjhG8tfTWYcoB4JjCrXFdqyo,2026-02-18T09:31:49.914Z,erase,invalid_asset_count,n/a,erase,invalid_asset_count,n/a,both_missed,none
41WkMroDCGaRuKJNCRrbv5XdDM1JFe7LPfDmmCHdB8B6xK6zLbbaanoJNUXuGjp1AuwPjE4BcawUdp4SQDczVbJP,ByjcyGru3RTeAheTjoFJi7mL8knNmzHz1twuoqjbjRtF,2026-02-18T09:31:54.844Z,erase,swapper_identification_failed,n/a,erase,swapper_identification_failed,n/a,both_missed,none
2CeNsE7cncFRABaG7HZNYSXugzYcEh2nasJfFpcxorLCVduaAPC8ckmBtGbK4T2g4FrnzF1QgfuRrTEguiS1u71j,9ZPsRWGkukYeWg2Z7eZ8NaTBZ1DSuBUVzLcGQWZgE4Y4,2026-02-18T09:31:57.228Z,erase,swapper_identification_failed,n/a,erase,swapper_identification_failed,n/a,both_missed,none
5BZb7oy7BxWy8eDjdVBv2QSQixwyFsDdWoEg6v727VYhFP67m1K6797JXSrUWj4i1kbBoEvRg2bpzfJh8X3QieWh,5xYNhZRW1rEofFon3X2JgaZtrnu5vo5xXD61jHof3p37,2026-02-18T09:31:57.231Z,erase,swapper_identification_failed,n/a,erase,swapper_identification_failed,n/a,both_missed,none
KedxPj8TW7LSXDyoJSrWQbpkC6rVVxYEY3aQLZqP4W3hQoQb1gHe4mCDuusbo3bJ11PxY8QQH87z5XnGQJzW11K,CSEncqtqbmNRjve42sNnbs5cCSmrjUNsAEwc17XY2RCs,2026-02-18T09:31:58.921Z,erase,swapper_identification_failed,n/a,erase,swapper_identification_failed,n/a,both_missed,none
4XX9rYnFCQkXptZU74pq9uM3W8UkLsi49RQ76A4miGGhSeQcJKJxjgFvn6vH1wy6tHLM1e75apa6g6XQ2Q6Y89Lt,GViJHLkWt12RcR6QkZBVybWzeG6g31ZHwRz2MCwNtWee,2026-02-18T09:32:00.377Z,erase,swapper_identification_failed,n/a,erase,swapper_identification_failed,n/a,both_missed,none
31MUaj6KVt2XexJHnEfzVVvJH9eX3Up1CTFv6NHE1KGb1EeoKx5eURq2Sg2DkLC4wkXC2QT9X7kfiBNkwejrQkyi,9E4fv9BsJ2BwkNBXDeUgpJYtrYPheMQWYFcxGYxDFshX,2026-02-18T09:32:04.883Z,erase,invalid_asset_count,n/a,erase,invalid_asset_count,n/a,both_missed,none
mDBhMwSQk9f4dRnYgNtHbdcS1f3KNL3fazJyggRK9icEgQQ1GGM7rEVpYmojMYJ15Whv9AKQUmFKu2WGR3sCmw5,H2rYhxbwkxjxbZwam3dbzVR8BbQCyHGUT8Kgitive4pt,2026-02-18T09:32:04.885Z,erase,invalid_asset_count,n/a,erase,invalid_asset_count,n/a,both_missed,none
3fnYW6LKMU8NidbZFDUjKwwddmCjRHf5B5JhSMJaJTAjLF7sAq9FxPy2CTCatNfUef8TatfSFRSyXFVwQfv6LNjj,H2rYhxbwkxjxbZwam3dbzVR8BbQCyHGUT8Kgitive4pt,2026-02-18T09:32:04.900Z,erase,invalid_delta_signs,n/a,erase,invalid_asset_count,n/a,both_missed,none
42xJm7gtmsDrxRzFAH1LwV4cxn8FNNEhmQWt3DdkuVP7joPR8Uf3t1L7uRXNZBax9YWEh3deYVTLs7ryAdjnS8Gr,H2rYhxbwkxjxbZwam3dbzVR8BbQCyHGUT8Kgitive4pt,2026-02-18T09:32:04.889Z,erase,invalid_asset_count,n/a,erase,invalid_asset_count,n/a,both_missed,none
477yBTZ7MbU5G5JRT8d6ijSP53SLoFqABwWtLVYtLTuC9NPYxD9t7xC2v6uESt3ZS6BCTCyrNQufNDifwsBLuPpz,H2rYhxbwkxjxbZwam3dbzVR8BbQCyHGUT8Kgitive4pt,2026-02-18T09:32:04.896Z,erase,invalid_asset_count,n/a,erase,invalid_asset_count,n/a,both_missed,none
3KLqXSbYNmpd7v4zDmVHq8KwX6FzeF6LEFcZgN9ix2gpUGjtFUYxdphGEyaBtaKXbWoP8UKF56i6TgBvFa2T836D,CSEncqtqbmNRjve42sNnbs5cCSmrjUNsAEwc17XY2RCs,2026-02-18T09:32:04.932Z,erase,swapper_identification_failed,n/a,erase,swapper_identification_failed,n/a,both_missed,none
5TYd45qxQusBWA5EYW1qLT8fyukTcJNcTe7418uWh9e5oXKN4uuRosxZnY1a53UnNjb39mXSh1HgLUF5LPS6MRCZ,ByjcyGru3RTeAheTjoFJi7mL8knNmzHz1twuoqjbjRtF,2026-02-18T09:32:07.738Z,erase,swapper_identification_failed,n/a,erase,swapper_identification_failed,n/a,both_missed,none
3tS3GcKCQekHUghUQQKBemTtPfkHvrH6rpuv7emeE75D5bNmmkiyHYg3FXnnZL21uZJQSSh7WhiQwwCx4v5JxFAR,9ZPsRWGkukYeWg2Z7eZ8NaTBZ1DSuBUVzLcGQWZgE4Y4,2026-02-18T09:32:04.928Z,erase,swapper_identification_failed,n/a,erase,swapper_identification_failed,n/a,both_missed,none
4NVbj7BqQf3JoDPKJX92xF4ZC2VoNSQbA7w6hMxdTXDuHwVSi7qvyL3Gy6JGVsJZJZfhD4bNgBrNiEMDQX35NMwn,C68a6RCGLiPskbPYtAcsCjhG8tfTWYcoB4JjCrXFdqyo,2026-02-18T09:32:10.762Z,erase,invalid_asset_count,n/a,erase,invalid_asset_count,n/a,both_missed,none
2jb8w2GQ2vdLs13GV58vf95vFzhhNqB8yH4MZCnRLGzMTejT5dPGCKtui1mQGcnfc5MkvSVMrv1bsbpgR9aiXyL2,C68a6RCGLiPskbPYtAcsCjhG8tfTWYcoB4JjCrXFdqyo,2026-02-18T09:32:10.766Z,erase,invalid_asset_count,n/a,erase,invalid_asset_count,n/a,both_missed,none
2T1cn45uCT7N3U6a7H1pZUEXewz1Duesc1mcxwJSz39xhMkztxSbkrdrv7hqGctzvKm8Xf1Kup9xCzkTCaRmcM29,ByjcyGru3RTeAheTjoFJi7mL8knNmzHz1twuoqjbjRtF,2026-02-18T09:32:12.147Z,erase,swapper_identification_failed,n/a,erase,swapper_identification_failed,n/a,both_missed,none
5XDxp2K5qbLYdQGWij9iLFq7RCecpcJ6orvD6BJ4RhBvU5yzL5Ed5VpyFSzW4PoMUmQ6ftkCcVMV8ZDHe9HZArdU,9ZPsRWGkukYeWg2Z7eZ8NaTBZ1DSuBUVzLcGQWZgE4Y4,2026-02-18T09:32:12.150Z,erase,swapper_identification_failed,n/a,erase,swapper_identification_failed,n/a,both_missed,none
KJf7cc8Kg1R3HdFCSm4RvcpeEVnS6sx85E7RhubgjPZa2HgC2ZrNWPcemnc9mD8Lo8rz4gSb97M2JZFEjXSsHH8,ByjcyGru3RTeAheTjoFJi7mL8knNmzHz1twuoqjbjRtF,2026-02-18T09:32:12.845Z,erase,transaction_failed,n/a,erase,swapper_identification_failed,n/a,both_missed,none
3rDG9TgZ4LKMidiQDctUBKfJ418NfyRh86w9DE9RwSG7DmGZjJfSiAsiJRU2PRhS2FuP5JC9RJmzaYgNbpEZwHBo,C68a6RCGLiPskbPYtAcsCjhG8tfTWYcoB4JjCrXFdqyo,2026-02-18T09:32:10.773Z,erase,invalid_asset_count,n/a,erase,invalid_asset_count,n/a,both_missed,none
55Y4dpcKFrGH7wpVVuPBGgWGEhFc9aqgcTiPoqdKG1dDFGCTJ4Lfudd8tAG2ptaJ4sW4T8msoMfDU9fadU1CVEiW,H2rYhxbwkxjxbZwam3dbzVR8BbQCyHGUT8Kgitive4pt,2026-02-18T09:32:16.150Z,erase,swapper_identification_failed,n/a,erase,swapper_identification_failed,n/a,both_missed,none
4nVokqQx6r9oNdsnNUs7bJZ21RCwDDQzesHUQboAmasuKV66JPJARCkF1BqUDr3bxWh9WNVCsfezP8qeZVTPKH2Z,H2rYhxbwkxjxbZwam3dbzVR8BbQCyHGUT8Kgitive4pt,2026-02-18T09:32:16.162Z,erase,invalid_asset_count,n/a,erase,invalid_asset_count,n/a,both_missed,none
4PKGb8uH6EQLx4xmj3iberrirVM6ksHXZz7wUQhtYBNNCwA1eFT324XPtx4HSC7waeB99SVYJmWabRT4isC38SQx,H2rYhxbwkxjxbZwam3dbzVR8BbQCyHGUT8Kgitive4pt,2026-02-18T09:32:16.182Z,erase,invalid_asset_count,n/a,erase,invalid_asset_count,n/a,both_missed,none
3BAMKue6Bwi9sf41oSsa5CXCAHiyxfJnuCB8vvf3x7aFbCh7xQpztmdMTTcEHv3dHBGfYk7Sdb1k6k1ycq2j2wRJ,H2rYhxbwkxjxbZwam3dbzVR8BbQCyHGUT8Kgitive4pt,2026-02-18T09:32:16.193Z,erase,invalid_asset_count,n/a,erase,invalid_asset_count,n/a,both_missed,none
3b8ZXiGqNJKJRLjU4pPHzscbhvAHf9vrEhiLb3gtUkxVHPjBxSCwT6BfNLDVX1kQsprF9CYzJ9qcxJve8Y7Nkrzz,H2rYhxbwkxjxbZwam3dbzVR8BbQCyHGUT8Kgitive4pt,2026-02-18T09:32:16.173Z,erase,invalid_asset_count,n/a,erase,invalid_asset_count,n/a,both_missed,none
4Shiq437hymN2vZtwWijcLsTMsBMYWNouDVwtQZhT2MGwTguoLJwK89mUvKMECrQ48FZGReSBkQzJ1wscLmA6tpR,ByjcyGru3RTeAheTjoFJi7mL8knNmzHz1twuoqjbjRtF,2026-02-18T09:32:22.590Z,erase,swapper_identification_failed,n/a,erase,swapper_identification_failed,n/a,both_missed,none
38KDHqCkYHEJVLJn8ZP2b2yHhYNn5sWW5G1FgfCdw6hh8ndLXU14qkELAaT5qjme7h3NQH1JA3nAk3vsD7cHEGGa,EkeyuVghbRfGWPyEtm3vnjKZPbUXXrPqxdar8fsEMuXd,2026-02-18T09:32:24.537Z,erase,invalid_asset_count,n/a,erase,invalid_asset_count,n/a,both_missed,none
5BGV4nDAiLTa7xzRPPr2jZuS5zN4EKL9xEMQMJCYzHZkJ3ZCbNGqPp3osLNzPvsfUGxGK54wD6ZLnCjfb112vW3c,ByjcyGru3RTeAheTjoFJi7mL8knNmzHz1twuoqjbjRtF,2026-02-18T09:32:26.481Z,erase,swapper_identification_failed,n/a,erase,swapper_identification_failed,n/a,both_missed,none
5sTUEYb98MceY1knTBPUrB3Uao2SQBRLoYLK2rEYgwo6ZPd8FXbJyjZkU7A1iMcwUBevxfTt5UqCZt5TPumdiKna,sdPGX5Zgb2a8o67aHSAezHmcTHe8HRs8HotyHvzhEhT,2026-02-18T09:32:31.022Z,erase,transaction_failed,n/a,erase,invalid_asset_count,n/a,both_missed,none
VKbg5PsyJZNkNorS5kk9q1DsSbxJhXWDQAmMmCQ8ziKz1VFE9qxMQCnL6JjPfxaygm2BSVHDTAJA5XzRm6XvNbY,9ZPsRWGkukYeWg2Z7eZ8NaTBZ1DSuBUVzLcGQWZgE4Y4,2026-02-18T09:32:30.682Z,erase,swapper_identification_failed,n/a,erase,swapper_identification_failed,n/a,both_missed,none
54ub6EX3em7xrbowGEFTSTg8AHdaWReS4podT1jGhgD5BF21bfBjP5gCpS1tRDUmHc3itAJxmsgNzpCp3QpZ341g,H2rYhxbwkxjxbZwam3dbzVR8BbQCyHGUT8Kgitive4pt,2026-02-18T09:32:37.173Z,erase,invalid_asset_count,n/a,erase,invalid_asset_count,n/a,both_missed,none
21ZA2TFqPyaMUV6tX2GTNZG97yGuAGfVUBP9SboQAdUcqigGZuYuDJZ6YquSpjcJdcvmrRTbabbspPVEheXPN2hp,H2rYhxbwkxjxbZwam3dbzVR8BbQCyHGUT8Kgitive4pt,2026-02-18T09:32:37.161Z,erase,invalid_asset_count,n/a,erase,invalid_asset_count,n/a,both_missed,none
5E4fE32eB8LrtxT2k1RYukxBpUXHURtkYXXg8HM5NKEcgs9ce1GxQHq68BrMiBpz8mEW8Shw4P2ZQcixnibqtvRn,H2rYhxbwkxjxbZwam3dbzVR8BbQCyHGUT8Kgitive4pt,2026-02-18T09:32:37.193Z,erase,invalid_asset_count,n/a,erase,invalid_asset_count,n/a,both_missed,none
5Zvgn9B4TMvDgK3RmtciyUqkgWB1TRYMUebtbV6M2rtHBchLLkG9o1N2sFrbEUonAfJ4ywphJ4Yj19Dy22Wo4A7n,H2rYhxbwkxjxbZwam3dbzVR8BbQCyHGUT8Kgitive4pt,2026-02-18T09:32:37.182Z,erase,invalid_asset_count,n/a,erase,invalid_asset_count,n/a,both_missed,none
PUuec1i5Hm826Dh2EGfoQma4xzpasZA8yycxVGwdT7S5UD5QEKW1dfu7BDHPmfL9767vDzGMdTyDJsXBAtpezrB,8tPBb8oo3563mzejmwfAWkwBCmDFsuwLWW2hP85NQHxm,2026-02-18T09:32:40.642Z,valid,,split,valid,,split,both_accepted,both
3zU7zhy781gnxMVqUf2o6vvKDhqdybcFJo7Xiwsyd12FvK8FKigA86d1K63bRJuKsD7ouiUzzAmMGvPhpDcyAdS3,9ZPsRWGkukYeWg2Z7eZ8NaTBZ1DSuBUVzLcGQWZgE4Y4,2026-02-18T09:32:41.531Z,erase,swapper_identification_failed,n/a,erase,swapper_identification_failed,n/a,both_missed,none
PWVCmkPsNLsR9fvUKpWUDHukhuakFChUiP3wmh7gUd9rCT21h6DbaKPZcHWtaqgxt3j65Uc7zQXn42SFgJVju19,ByjcyGru3RTeAheTjoFJi7mL8knNmzHz1twuoqjbjRtF,2026-02-18T09:32:44.013Z,erase,swapper_identification_failed,n/a,erase,swapper_identification_failed,n/a,both_missed,none
5qyby4AaZSRy9cG5AJ2s9FJTviw6idK3XNM7cBrPPeowA9siQ5g4LMHj3aPDTuk21sVFdambB7ir5WTMwP8vkkTn,sdPGX5Zgb2a8o67aHSAezHmcTHe8HRs8HotyHvzhEhT,2026-02-18T09:32:46.561Z,erase,transaction_failed,n/a,erase,invalid_asset_count,n/a,both_missed,none
3iAwPBAbo8LFxdBQFKdQXhJYH6oNqEm3XxPgvF9RBxqfCCBww3f6srkAyuDc3BQi8BkoZ2hqFZt6eeu7xuSWPTgm,ByjcyGru3RTeAheTjoFJi7mL8knNmzHz1twuoqjbjRtF,2026-02-18T09:32:47.372Z,erase,swapper_identification_failed,n/a,erase,swapper_identification_failed,n/a,both_missed,none
kxCPV5LUxpRkG2agj3XoDS4epRv1ytpEG1Ck3xXkLX4D2wdPbu5iy5em2DJvuJArpczfXcPa9fdC8yNX1MKvvRy,C68a6RCGLiPskbPYtAcsCjhG8tfTWYcoB4JjCrXFdqyo,2026-02-18T09:32:52.254Z,erase,invalid_asset_count,n/a,erase,invalid_asset_count,n/a,both_missed,none
2A9T2CF4SdSfUmyJZp1SZbLAGXP4cAaLizxNGSoxRZ7dm8cCNEWHqSJ8sriECYF4YtDtZbX16x7kQj469LJ5ycCy,C68a6RCGLiPskbPYtAcsCjhG8tfTWYcoB4JjCrXFdqyo,2026-02-18T09:32:52.697Z,erase,invalid_asset_count,n/a,erase,invalid_asset_count,n/a,both_missed,none
5C5KCKXSWESaxbW3X3rhWFN4fGHuQ1YR3NsavU2TADWzvdgCpRmKYX5QfcL1aFuu7gfWTUdMMB1jCpuSY3NNoyM3,ByjcyGru3RTeAheTjoFJi7mL8knNmzHz1twuoqjbjRtF,2026-02-18T09:32:56.729Z,erase,swapper_identification_failed,n/a,erase,swapper_identification_failed,n/a,both_missed,none
dfRucxWt4kKDoaE7KVZouiNEFvKtHVc9iGxvhim6rPztMBkR7A7N8foeMjWtm1wQNtiuajDT9KuKWmogBucCHni,FXv8hUveo3Di254W5vycvouxrmTJG4oQ5QMm1tLhY3NF,2026-02-18T09:32:54.146Z,erase,swapper_identification_failed,n/a,erase,swapper_identification_failed,n/a,both_missed,none
2meBRVYAdnxpSMrn27BzoMqfntKfMyuJzP5bhKPRy9j4PeTyPHQJF1F23SsPo1om1A3vCDjCUwuw2bW2WpMZ281c,ByjcyGru3RTeAheTjoFJi7mL8knNmzHz1twuoqjbjRtF,2026-02-18T09:32:59.162Z,erase,swapper_identification_failed,n/a,erase,swapper_identification_failed,n/a,both_missed,none
5sRPRS88c7vCjjALpDqttJwoiEHUmWYHMhpHgcRLy1wUPFbLc281C9zQrWTF6SP1obZfJnHT47ARB5xnN4Eayj5F,CSEncqtqbmNRjve42sNnbs5cCSmrjUNsAEwc17XY2RCs,2026-02-18T09:33:00.993Z,erase,swapper_identification_failed,n/a,erase,swapper_identification_failed,n/a,both_missed,none
4t4rPnXsZ2AFD7ZqsvAYVESSHUo4PGrAnKSk9DXWf6QqG3j6kp2DRNMryppfQcEXMqnzufzSCyAJbgvYanWRDXok,76iXe9yKFDjGv3HicUVVy8AYxHLC71L1wYa12zaZzHHp,2026-02-18T09:33:00.996Z,erase,swapper_identification_failed,n/a,erase,swapper_identification_failed,n/a,both_missed,none
2zMBkotQXTuRxSpyNspxN2WPqxZeC1379qa7wzdhXE5X2DPDSWr6yxrJS2eLXeHETps6cMw5VSpn3fo69TLnmR3W,9E4fv9BsJ2BwkNBXDeUgpJYtrYPheMQWYFcxGYxDFshX,2026-02-18T09:33:05.211Z,erase,invalid_asset_count,n/a,erase,invalid_asset_count,n/a,both_missed,none
5zBhNxaa2Tyk4CzhYKXTrbLjicfy3VkaT9TatoohatTA71dKj9AwRExh7PiBL5h4qpCsSBpqTLQWgULEyM5UCDVV,76iXe9yKFDjGv3HicUVVy8AYxHLC71L1wYa12zaZzHHp,2026-02-18T09:33:06.319Z,erase,swapper_identification_failed,n/a,erase,swapper_identification_failed,n/a,both_missed,none
4eX4Rph35r8f9BeE9HRkU61cj42EUjeBXRufGCKE2BprrtsmVvXxAxJottw7FLpdc8fVhJHRDmg56CCKEwbLkgQo,sdPGX5Zgb2a8o67aHSAezHmcTHe8HRs8HotyHvzhEhT,2026-02-18T09:33:08.486Z,erase,transaction_failed,n/a,erase,invalid_asset_count,n/a,both_missed,none
5cbeLSv7pwDktQzkcHjiUNbY7TaUQVVj1EU3R38xRDB4hDWkqeviLDSAvrYGPswAsvQhKKUma7R5fa68EQdU5bKY,ByjcyGru3RTeAheTjoFJi7mL8knNmzHz1twuoqjbjRtF,2026-02-18T09:33:11.346Z,erase,swapper_identification_failed,n/a,erase,swapper_identification_failed,n/a,both_missed,none
2FC4BCBrEesTFGTiXCqr9Sf3wpVHfLXSzgNsbXReVCjJeuzKqYvLfBtepCpsvVsgAp1sJYStvWY5diTWY9mBJV4c,C68a6RCGLiPskbPYtAcsCjhG8tfTWYcoB4JjCrXFdqyo,2026-02-18T09:33:12.413Z,erase,invalid_asset_count,n/a,erase,invalid_asset_count,n/a,both_missed,none
2Yc7NFGYaSpof8xfDNk8hKmbcCZAiYBrMHSeKQykW2b97uX9ZBtvwXSb5W2vKrkot8radxjuFgAtw8GQdSbe1Xn,Cs9yLHMZLPnZ2iSV8BgroxwHg3yt5uHDJ727XRddbB2d,2026-02-18T09:33:13.129Z,erase,swapper_identification_failed,n/a,erase,swapper_identification_failed,n/a,both_missed,none
5Actdtw264paYukfsuxrsjktmk8sUKKBpsLLacC52RpxTPkZSgFdFNHWWheX1bSFsd9AbUkBpZv6FJaPSx9jmbaD,ByjcyGru3RTeAheTjoFJi7mL8knNmzHz1twuoqjbjRtF,2026-02-18T09:33:15.488Z,erase,swapper_identification_failed,n/a,erase,swapper_identification_failed,n/a,both_missed,none
3MeaPtygfhZPMNsR1hTRV82Wcsz3gPbBchd7wZ8WhRadCK42eQ7UrZVufNvtcV1DoMf3RdGXf9sk2uatWnPSfgjG,E4Ruedde4i3tAfXu3sSojAanaHW1b6epsfdXRLbadv5S,2026-02-18T09:33:18.070Z,erase,swapper_identification_failed,n/a,erase,swapper_identification_failed,n/a,both_missed,none
ojX8cD5VMmyDSyUR9hf9crkGXg9XmcLY4HMbTVEZqgFCc7sLcwmt9BwpC78piQrveNL572w16QMZ573Y8A5Z2tp,9ZPsRWGkukYeWg2Z7eZ8NaTBZ1DSuBUVzLcGQWZgE4Y4,2026-02-18T09:33:18.096Z,erase,swapper_identification_failed,n/a,erase,swapper_identification_failed,n/a,both_missed,none
3GqaXWhH2NqWviHSWeCjAqDH1fvLXfTZDNMNyYEaahQWXnUszfLSTmfix9L8f9D9An3ggrfiNCtv74tBsPYR9TpX,64U9MukooWV5ziNXx2PCmZNmktBzQoKXnKsDBLvgCQ5g,2026-02-18T09:33:23.857Z,erase,swapper_identification_failed,n/a,erase,swapper_identification_failed,n/a,both_missed,none
4XKhQxNNPnNojvt2BvRgZqRqU1s3yHCfKVMdqS1C8xa3LGhTTSa9syFyFQuzkmwpstYzmma1rdg9zYePkLuZwEgg,9ZPsRWGkukYeWg2Z7eZ8NaTBZ1DSuBUVzLcGQWZgE4Y4,2026-02-18T09:33:23.523Z,erase,swapper_identification_failed,n/a,erase,swapper_identification_failed,n/a,both_missed,none
57XM78rB4Ds4LjyE1v24io6jCGr9sdxrKV6yBnGzRGwHTWVmV9UcbJNRCHu7ja8bjko9viz6Mpa3dk76b8GUe3vX,ByjcyGru3RTeAheTjoFJi7mL8knNmzHz1twuoqjbjRtF,2026-02-18T09:33:27.311Z,erase,swapper_identification_failed,n/a,erase,swapper_identification_failed,n/a,both_missed,none
2jKJDtZYK8YkbvpfQPiB33u3c5ckV1YTNKJLuTgQLT8b1rYGHki4Yu8eTsjWLEZVp4sxninYcpvQWKAzGgWPFxQd,AiP8tq49UWvxwXD1NeVuW8psUGcMtoHcYJ9sNqXoEQaY,2026-02-18T09:33:30.297Z,erase,swapper_identification_failed,n/a,erase,swapper_identification_failed,n/a,both_missed,none
4Pgj13sJ3ZDNXCyLxhsaeq1DVi2HxV38zHmUbtHhMWfG4cE84yUEvxNYNVmsLwRXHQN9QgXWTgPGwQrrHrAuwyGn,ByjcyGru3RTeAheTjoFJi7mL8knNmzHz1twuoqjbjRtF,2026-02-18T09:33:30.609Z,erase,swapper_identification_failed,n/a,erase,swapper_identification_failed,n/a,both_missed,none
5brcdjJbH9zijcQejzTpPdgbarzTA7aa2e25j52ghUFrysaK7nR8iFeJkH5C3QuZjLrQvde5xLqRSVPdy38A8b47,76iXe9yKFDjGv3HicUVVy8AYxHLC71L1wYa12zaZzHHp,2026-02-18T09:33:31.530Z,erase,swapper_identification_failed,n/a,erase,swapper_identification_failed,n/a,both_missed,none
5guxmBcJVLGSns9wLT46r5HmQeoCmjXtNaQ3echNFCVoNE3LzjSs6Rmrr6wauckfY8WcJ585MW7Rsvaq4Azhwhqs,C68a6RCGLiPskbPYtAcsCjhG8tfTWYcoB4JjCrXFdqyo,2026-02-18T09:33:31.879Z,erase,invalid_asset_count,n/a,erase,invalid_asset_count,n/a,both_missed,none
3a3tsSJsQ3881te1PajiKQHjshPHVxbn9mqP8en8xEah9fFsgji8EqAWnU6iyoJ5NYto8ccTjmFFoV4rEYXWSZ91,BC8yiFFQWFEKrEEj75zYsuK3ZDCfv6QEeMRif9oZZ9TW,2026-02-18T09:33:33.062Z,erase,swapper_identification_failed,n/a,erase,swapper_identification_failed,n/a,both_missed,none
3TD2VM5dYBXyTGieDNmXczsJxwzHfFs48wcY2ecgjaQLxaoPpXVPfYuotwxbbixipMHqfcXuzwP55ohAb8zDtsJN,ByjcyGru3RTeAheTjoFJi7mL8knNmzHz1twuoqjbjRtF,2026-02-18T09:33:40.113Z,erase,swapper_identification_failed,n/a,erase,swapper_identification_failed,n/a,both_missed,none
5ogMBDHc3h9hZRT1nWjqBZWunHUtd5XrqnectaZKJS79i322aiYnQrjzJUq1YUpkSX7WBQvMoJfpS16M46BYHhTP,ByjcyGru3RTeAheTjoFJi7mL8knNmzHz1twuoqjbjRtF,2026-02-18T09:33:44.397Z,erase,swapper_identification_failed,n/a,erase,swapper_identification_failed,n/a,both_missed,none
57EtgCqp3AEhNFKKzwbRHA1qqcQ1jMJpXdJbS4mCQuUUaRLdsPP4ZBBRMVLiofab1mHwHQLDPC1EiinrzJzXjXqe,9ZPsRWGkukYeWg2Z7eZ8NaTBZ1DSuBUVzLcGQWZgE4Y4,2026-02-18T09:33:41.548Z,erase,transaction_failed,n/a,erase,swapper_identification_failed,n/a,both_missed,none
3raDVgyr4QKr7o2cXrrhH1EFa3c64GkmNcwN4CpLbE363sebj5HZomWBu6yZmFHcgdd4cdpakiCfWWwaGSB7nrk,68hCuSrNj4gZNV6ZDRp4sSNNhp5uDrv8Yz6batk823ij,2026-02-18T09:33:45.947Z,erase,swapper_identification_failed,n/a,erase,swapper_identification_failed,n/a,both_missed,none
4kJ5P5JuG5caFMPdRCgsBEe4uqWEzPPoTjepUGMrmRWwqNRghvtwFvUomshpbiTgS8FWFCk9Pcbn48uLaXmnnryT,8d9FNC7AgKLTCPKNd3MMkLLXZYLmiYFYR3vfXMBNJVNx,2026-02-18T09:33:47.078Z,erase,swapper_identification_failed,n/a,erase,swapper_identification_failed,n/a,both_missed,none
2EBGT4FjTzVnwWJxRjSN5VwWgKmA7AmJJHMfCUJcPsCf9WbYr7DcqTGMYHtUScpLS2r4jZGMrp5jkVYiAQim5DPP,EkeyuVghbRfGWPyEtm3vnjKZPbUXXrPqxdar8fsEMuXd,2026-02-18T09:33:46.255Z,erase,invalid_asset_count,n/a,erase,invalid_asset_count,n/a,both_missed,none
485XLHBrusxbpyKz2HYqt7N9Y7A6MZD5Qgh1rRT2fHvGw4gs59D8fNVn1CEcNNYaP5AdwkVntnLWNSzzEjT76MSX,C68a6RCGLiPskbPYtAcsCjhG8tfTWYcoB4JjCrXFdqyo,2026-02-18T09:33:50.556Z,erase,invalid_asset_count,n/a,erase,invalid_asset_count,n/a,both_missed,none
3AcqvCV8d9qymEjxU7rBdQCereTXjy6geZZ6Msr38doqXHh8GGNGmwUXpgsPUhhT96SX2hS4TwHjeQVKLKwEPwZn,9ZPsRWGkukYeWg2Z7eZ8NaTBZ1DSuBUVzLcGQWZgE4Y4,2026-02-18T09:33:53.280Z,erase,swapper_identification_failed,n/a,erase,swapper_identification_failed,n/a,both_missed,none
32SWvrRLgHKurDALDvUfwjS9RKYdkRT11anRG2Pt2DvxQyG3fJ8DbfAkRiJs4Pi2ZsDoZkAe8zoTHH2yzWGbZZFS,HA9oNhHddEoPFSAEEYtGYZoXDkjky53TQ72jtpAnu81i,2026-02-18T09:34:01.388Z,erase,swapper_identification_failed,n/a,erase,swapper_identification_failed,n/a,both_missed,none
2a4pP3mLbCKRvjphq8BWXoUcP4AVVjokyZnXoeLZq4KkX9KU2bF9v4qekgLceQhE16j6w4LbTwMQLyngozdhKFTT,CSEncqtqbmNRjve42sNnbs5cCSmrjUNsAEwc17XY2RCs,2026-02-18T09:34:05.574Z,erase,swapper_identification_failed,n/a,erase,swapper_identification_failed,n/a,both_missed,none
2g5GeQ4hnSsVFdzUUh4aaEyrpQJ6qaKD71VNA5iQeQYvtH2qhsXLEdqMgzoFpwZLbigsVpeyTHeKojtkuKFPNdY5,ByjcyGru3RTeAheTjoFJi7mL8knNmzHz1twuoqjbjRtF,2026-02-18T09:34:07.396Z,erase,swapper_identification_failed,n/a,erase,swapper_identification_failed,n/a,both_missed,none
4BFh6TuXWN5FM6DUXp9Vwo5X6T7ZAkQkQ9qRvu7SxkMDXpzteg44FyvdDBtgZ4jByhWJyNaMyvkyRiSPoWwLudxj,CSEncqtqbmNRjve42sNnbs5cCSmrjUNsAEwc17XY2RCs,2026-02-18T09:34:08.626Z,erase,swapper_identification_failed,n/a,erase,swapper_identification_failed,n/a,both_missed,none
5r3U2AMZ1VmFYng4FmeXuNWLNJBrzRzakkXufA59kwGHFC6RPt51tNsJYrSAeHJ5A4KoNccgBPVG7GvKWw5FRm4C,ByjcyGru3RTeAheTjoFJi7mL8knNmzHz1twuoqjbjRtF,2026-02-18T09:34:11.422Z,erase,swapper_identification_failed,n/a,erase,swapper_identification_failed,n/a,both_missed,none
5QEKw2sVNtKpW77VNXNBbaNwNioJGoxCxjTgkGs6KaF8oeJcxg8wSc7wGjUVGiWq1eGErhgBn9vYx3VYTH9EEvfd,ByjcyGru3RTeAheTjoFJi7mL8knNmzHz1twuoqjbjRtF,2026-02-18T09:34:12.491Z,erase,transaction_failed,n/a,erase,swapper_identification_failed,n/a,both_missed,none
5ZYc14sGjoriN62tTYcM9jcGrooBJMrWYnMWpCU7jugBTkHi28FWEPJNoXSF6pYgfh1HfASFwBUPDvu6WxfETKak,ForQYxfhLMv3ieCWQYxMWwACZZTp16rBUe3r8cwRLnB5,2026-02-18T09:34:11.062Z,erase,swapper_identification_failed,n/a,erase,swapper_identification_failed,n/a,both_missed,none
RbgGw63MP3Y789xuxgnfhxH3Xbb73pe1VrW4YJBZuqmXuLcGVkwdM6dt4yvSN6wk5CkpH35cK14SaArwVMvnh3U,76iXe9yKFDjGv3HicUVVy8AYxHLC71L1wYa12zaZzHHp,2026-02-18T09:34:18.064Z,erase,swapper_identification_failed,n/a,erase,swapper_identification_failed,n/a,both_missed,none
KY7eNMtTDLT5Rk1tDq3C6PNGknNue87yNit6264XP2ERj5T7ZcvLrUXiie8CKTeCy7wndZYbWPzMMo6th2CbMEe,9ZPsRWGkukYeWg2Z7eZ8NaTBZ1DSuBUVzLcGQWZgE4Y4,2026-02-18T09:34:16.007Z,erase,swapper_identification_failed,n/a,erase,swapper_identification_failed,n/a,both_missed,none
4Gq1YdFHUSj3eruXjZTfYKp97eZ3itajVzHz5bwWL8qPgQWWYLE7iK1w4oBZtT11jAaPeGUQHPF2gRpTHKhzq3Po,CSEncqtqbmNRjve42sNnbs5cCSmrjUNsAEwc17XY2RCs,2026-02-18T09:34:19.142Z,erase,swapper_identification_failed,n/a,erase,swapper_identification_failed,n/a,both_missed,none
4Je5mxSvm1xiKfXKj96VQphd8BwPWiVsSap87Pa8ypEzUPukghjecAt4bcNFtbVpSZzQXzygopBLGxz4Dg4aUiFm,sdPGX5Zgb2a8o67aHSAezHmcTHe8HRs8HotyHvzhEhT,2026-02-18T09:34:24.963Z,erase,invalid_asset_count,n/a,erase,invalid_asset_count,n/a,both_missed,none
7Q46ksEQwqQwupqFVU9247ZkkF5UhTNSGMR5XejZferdK7RTjJY9ZhnUa5LBMotWDSRDCz1fVVkQC5RVbHsw7AR,76iXe9yKFDjGv3HicUVVy8AYxHLC71L1wYa12zaZzHHp,2026-02-18T09:34:24.968Z,erase,swapper_identification_failed,n/a,erase,swapper_identification_failed,n/a,both_missed,none
pae6eEAUg9zHsyB82v3K1YEKqWdD147XYrvBMofYHwRjPbbxbtp6w37yCKFBzPe7sGS3XtUyVLWYU3jXXHGiVFK,ByjcyGru3RTeAheTjoFJi7mL8knNmzHz1twuoqjbjRtF,2026-02-18T09:34:23.763Z,erase,swapper_identification_failed,n/a,erase,swapper_identification_failed,n/a,both_missed,none
H4otYfukXkNTSgKgWkQjVpJrVCrhgFMGsVY3mY5QTLUR41CBv31MLnDC8oqEGzpBSmkwYftWsTpRmdVMsoDmh3P,ByjcyGru3RTeAheTjoFJi7mL8knNmzHz1twuoqjbjRtF,2026-02-18T09:34:26.656Z,erase,swapper_identification_failed,n/a,erase,swapper_identification_failed,n/a,both_missed,none
2a5grKJUk5J7n2GB3Wa2yQ2uXQrVDjRDDXtTrZwqRv4VnaBgAtRdZkVNTKZGkEz4zbCQ3MQBxnwMRsm6kncWW11Q,CSEncqtqbmNRjve42sNnbs5cCSmrjUNsAEwc17XY2RCs,2026-02-18T09:34:27.802Z,erase,swapper_identification_failed,n/a,erase,swapper_identification_failed,n/a,both_missed,none
255Fz7vQ7RjTwTRbh8RLoi77UF6qqXMpsVH1Gw3aoJDQhVzEUjVNt1JouQrj6jBeH1YGPtXvRBqwGE3v1xLKkPx8,76iXe9yKFDjGv3HicUVVy8AYxHLC71L1wYa12zaZzHHp,2026-02-18T09:34:27.456Z,erase,swapper_identification_failed,n/a,erase,swapper_identification_failed,n/a,both_missed,none
3p9Hk745Lgv1fC31nfZgSLRhs4UqRTyzcJbJBigd6hwUEcMJpubZwSngbWn7eUBwfYooyFxWEjeEdUrEXg2ST2XT,76iXe9yKFDjGv3HicUVVy8AYxHLC71L1wYa12zaZzHHp,2026-02-18T09:34:32.249Z,erase,invalid_asset_count,n/a,erase,invalid_asset_count,n/a,both_missed,none
5CsincCnuEdPTKLqaAWGYshBryT4P7ranYkSDNJgDrrv7rbYT13tTFjSQPDhBAAfuSZnuWm3hT7sJNFxnkQBqsrc,CSEncqtqbmNRjve42sNnbs5cCSmrjUNsAEwc17XY2RCs,2026-02-18T09:34:33.450Z,erase,swapper_identification_failed,n/a,erase,swapper_identification_failed,n/a,both_missed,none
3bvJ7eHax8ha96JeC3QvmpEpCsUHcuhTdkFURiuyvk2XcCV9953D1mfwME6RU7aMDsysouS6Pyg5VJEeUjFR5pGg,ByjcyGru3RTeAheTjoFJi7mL8knNmzHz1twuoqjbjRtF,2026-02-18T09:34:36.435Z,erase,swapper_identification_failed,n/a,erase,swapper_identification_failed,n/a,both_missed,none
2EXZsLoSYdo1TS9GpZG64wTPvQaBLNR7MsTCqAu97nRnRJVpqZsUbZ4hU28qjPbTnXZWefFU2tk2CNLjG6okEe87,ByjcyGru3RTeAheTjoFJi7mL8knNmzHz1twuoqjbjRtF,2026-02-18T09:34:38.457Z,erase,swapper_identification_failed,n/a,erase,swapper_identification_failed,n/a,both_missed,none
QqNDGLzNjoJ3iyiME1wQBaa8x8BT6HEScCDp7KT16cieUzrzuYfUFdB9uDeVX3W2JPj66nHUUwMwKdEoNfuZLEn,7MTfzDmxVjz2uZtBbehU1ZK6BCJenGq6qEQkaY15vEvG,2026-02-18T09:34:40.763Z,erase,swapper_identification_failed,n/a,erase,swapper_identification_failed,n/a,both_missed,none
jeEtZKR5kHrY9L6zuTJLroR5FcXTg6uDcGQPqdaGKZzF89MvrDUADVV7GrZBXvS8Hk74aV3Y8PecFCTVG88nKyr,76iXe9yKFDjGv3HicUVVy8AYxHLC71L1wYa12zaZzHHp,2026-02-18T09:34:42.185Z,erase,swapper_identification_failed,n/a,erase,swapper_identification_failed,n/a,both_missed,none
4tRS4qyUGC1SyWQ4HVUPbpYLsW81FTiMMtwxHULToNxCvqnYUZL6Azp6C7yuoXj31baEV4ukqjXSmKukfCRT2YU7,CSEncqtqbmNRjve42sNnbs5cCSmrjUNsAEwc17XY2RCs,2026-02-18T09:34:45.136Z,erase,swapper_identification_failed,n/a,erase,swapper_identification_failed,n/a,both_missed,none
ScLnXiTMoT5QSfqDAw9Le3bLpKsJTPsSGEM8Z2gS4r1xEm18y9eJhiroKWqYwyHuZMgkFUsytCywvS3rEgeYyDc,ByjcyGru3RTeAheTjoFJi7mL8knNmzHz1twuoqjbjRtF,2026-02-18T09:34:49.989Z,erase,swapper_identification_failed,n/a,erase,swapper_identification_failed,n/a,both_missed,none
4STx93s7xGhJ5mwtoQ8DTSpTPdd4YjeN8gcrE3ChsCLAMsY8S2Wnhvi1GRLNTdzS8QeJfZ6N4QVTTca8vA6c3TP7,CSEncqtqbmNRjve42sNnbs5cCSmrjUNsAEwc17XY2RCs,2026-02-18T09:34:51.162Z,erase,swapper_identification_failed,n/a,erase,swapper_identification_failed,n/a,both_missed,none
2i6dnQL6QD54akxHkfcbS75Cs2c8GUZY1UKBhfrHfU9V61GGeuP1td58vhZ3629tN9M5He2GgXNuSTqnzbKCFYaM,CSEncqtqbmNRjve42sNnbs5cCSmrjUNsAEwc17XY2RCs,2026-02-18T09:34:53.526Z,erase,swapper_identification_failed,n/a,erase,swapper_identification_failed,n/a,both_missed,none
2KcPnQaTZYkGc3UpstpKWvpmNTvjWkjFEu5GY6qae7YEv8uw4N7SAakJUbPB7AGZjzWq9q8dqzhnUDZaWQRfq2tx,8VknbL73acufE8wBre249QZ2vPZwnxc5ae8Q2dnzHvKr,2026-02-18T09:34:54.019Z,erase,swapper_identification_failed,n/a,erase,swapper_identification_failed,n/a,both_missed,none
5Qo2Ay7rghxuzcqJsYu1HPsk349C4BthquZyuqj2mBtCkme3hoetJobFnswyupJMxbeqsasdxDkS7DyHWaUZkYUo,ByjcyGru3RTeAheTjoFJi7mL8knNmzHz1twuoqjbjRtF,2026-02-18T09:34:54.008Z,erase,swapper_identification_failed,n/a,erase,swapper_identification_failed,n/a,both_missed,none
dxRJZ3LQUfuaaXSVaer2LCFfmkUmPJCMkop9XChvAo1aLrp5XX264KoY27Fn4qezQ7RronrSnSkE8VEEYj3AcYF,76iXe9yKFDjGv3HicUVVy8AYxHLC71L1wYa12zaZzHHp,2026-02-18T09:34:56.736Z,erase,swapper_identification_failed,n/a,erase,swapper_identification_failed,n/a,both_missed,none
3iwXy9jt5bQn2RQJD7EDcqLfmtabuvA8x5UyA6C6xM8M3uTBhSf5gePfh3c33vdLGZt1ZzKcttqaFbCoBiZ6WFTM,2rW9zy5et62LjyaosNoDpe4y3MhRsGPJrpjSUM9KUSPe,2026-02-18T09:35:00.044Z,erase,swapper_identification_failed,n/a,erase,swapper_identification_failed,n/a,both_missed,none
34eYJf3iusKViWmUjScyfeJkGGhZFrr9DY3r1ARb2TDz9Y7w7R4QH7WQgeas4wqTDS7uj1rsz3qL18vsDBRA5vNi,9E4fv9BsJ2BwkNBXDeUgpJYtrYPheMQWYFcxGYxDFshX,2026-02-18T09:35:08.442Z,erase,invalid_asset_count,n/a,erase,invalid_asset_count,n/a,both_missed,none
5BnXgVdf3tmAELtZ2wH4RUZD8HzxzTwv27Wd9W5HVjF5swJCToqfQPyAsdYDVt5ngk5APJ7ub1q6qyisQWXrTTDB,HYWo71Wk9PNDe5sBaRKazPnVyGnQDiwgXCFKvgAQ1ENp,2026-02-18T09:35:08.894Z,erase,swapper_identification_failed,n/a,erase,swapper_identification_failed,n/a,both_missed,none
5Hj8tfT54sbAWE8MGcGfgVpHbAf7TdcYx1syViLh1oJjh8JskB49foMLHMUrQcPJNk3ARTQ5PwR69huuWiVSdeQj,sdPGX5Zgb2a8o67aHSAezHmcTHe8HRs8HotyHvzhEhT,2026-02-18T09:35:15.550Z,erase,transaction_failed,n/a,erase,invalid_asset_count,n/a,both_missed,none
